[
    {
        "name":  "Badan Karantina Indonesia \u003e LPSE Kementerian Pertanian",
        "newUrlPath":  "pertanian"
    },
    {
        "name":  "Badan Pangan Nasional \u003e LPSE Kementerian Pertanian",
        "newUrlPath":  "pertanian"
    },
    {
        "name":  "Kementerian Pertanian \u003e LPSE Kementerian Pertanian",
        "newUrlPath":  "pertanian"
    },
    {
        "name":  "Provinsi DKI Jakarta \u003e LPSE Provinsi Daerah Khusus Ibukota Jakarta",
        "newUrlPath":  "jakarta"
    },
    {
        "name":  "Provinsi Bangka Belitung \u003e LPSE Provinsi Kepulauan Bangka Belitung",
        "newUrlPath":  "babelprov"
    },
    {
        "name":  "Kab. Lampung Selatan \u003e SPSE Nasional",
        "newUrlPath":  "nasional"
    },
    {
        "name":  "Kab. Lampung Timur \u003e SPSE Nasional",
        "newUrlPath":  "nasional"
    },
    {
        "name":  "Kab. Maybrat \u003e SPSE Nasional",
        "newUrlPath":  "nasional"
    },
    {
        "name":  "Kab. Tulang Bawang \u003e SPSE Nasional",
        "newUrlPath":  "nasional"
    },
    {
        "name":  "Otorita Ibu Kota Nusantara (OIKN) \u003e SPSE Nasional",
        "newUrlPath":  "nasional"
    },
    {
        "name":  "Provinsi Papua Pegunungan \u003e SPSE Nasional",
        "newUrlPath":  "nasional"
    },
    {
        "name":  "Provinsi Papua Selatan \u003e SPSE Nasional",
        "newUrlPath":  "nasional"
    },
    {
        "name":  "Provinsi Papua Tengah \u003e SPSE Nasional",
        "newUrlPath":  "nasional"
    },
    {
        "name":  "Kab. Katingan \u003e LPSE Kabupaten Katingan",
        "newUrlPath":  "katingankab"
    },
    {
        "name":  "Universitas Syiah Kuala \u003e SPSE Nasional",
        "newUrlPath":  "nasional"
    },
    {
        "name":  "Universitas Indonesia \u003e SPSE Nasional",
        "newUrlPath":  "nasional"
    },
    {
        "name":  "Institut Teknologi Sepuluh November \u003e SPSE Nasional",
        "newUrlPath":  "nasional"
    },
    {
        "name":  "Universitas Andalas \u003e SPSE Nasional",
        "newUrlPath":  "nasional"
    },
    {
        "name":  "Universitas Hasanuddin \u003e SPSE Nasional",
        "newUrlPath":  "nasional"
    },
    {
        "name":  "Universitas Diponegoro \u003e SPSE Nasional",
        "newUrlPath":  "nasional"
    },
    {
        "name":  "Universitas Airlangga \u003e SPSE Nasional",
        "newUrlPath":  "nasional"
    },
    {
        "name":  "Kab. Malaka \u003e LPSE Kabupaten Malaka",
        "newUrlPath":  "malakakab"
    },
    {
        "name":  "Universitas Sumatera Utara \u003e LPSE Universitas Sumatera Utara",
        "newUrlPath":  "usu"
    },
    {
        "name":  "Universitas Indonesia \u003e LPSE Universitas Indonesia",
        "newUrlPath":  "ui"
    },
    {
        "name":  "Universitas Diponegoro \u003e LPSE Universitas Diponegoro",
        "newUrlPath":  "undip"
    },
    {
        "name":  "Sekretariat Kabinet \u003e LPSE Lembaga Kebijakan Pengadaan Barang/Jasa Pemerintah",
        "newUrlPath":  "lkpp"
    },
    {
        "name":  "Pusat Pelaporan Dan Analisis Transaksi Keuangan \u003e LPSE Kementerian Keuangan",
        "newUrlPath":  "kemenkeu"
    },
    {
        "name":  "Provinsi Sumatera Utara \u003e LPSE Provinsi Sumatera Utara",
        "newUrlPath":  "sumutprov"
    },
    {
        "name":  "Provinsi Sumatera Selatan \u003e LPSE Provinsi Sumatera Selatan",
        "newUrlPath":  "sumselprov"
    },
    {
        "name":  "Provinsi Sumatera Barat \u003e LPSE Provinsi Sumatera Barat",
        "newUrlPath":  "sumbarprov"
    },
    {
        "name":  "Provinsi Sulawesi Utara \u003e LPSE Provinsi Sulawesi Utara",
        "newUrlPath":  "sulutprov"
    },
    {
        "name":  "Provinsi Sulawesi Tenggara \u003e LPSE Provinsi Sulawesi Tenggara",
        "newUrlPath":  "sultraprov"
    },
    {
        "name":  "Provinsi Sulawesi Tengah \u003e LPSE Provinsi Sulawesi Tengah",
        "newUrlPath":  "sultengprov"
    },
    {
        "name":  "Provinsi Sulawesi Selatan \u003e LPSE Provinsi Sulawesi Selatan",
        "newUrlPath":  "sulselprov"
    },
    {
        "name":  "Provinsi Sulawesi Barat \u003e LPSE Provinsi Sulawesi Barat",
        "newUrlPath":  "sulbarprov"
    },
    {
        "name":  "Provinsi Riau \u003e LPSE Provinsi Riau",
        "newUrlPath":  "riau"
    },
    {
        "name":  "Provinsi Papua Barat Daya \u003e LPSE Kota Sorong",
        "newUrlPath":  "sorongkota"
    },
    {
        "name":  "Provinsi Papua Barat \u003e LPSE Provinsi Papua Barat",
        "newUrlPath":  "papuabaratprov"
    },
    {
        "name":  "Provinsi Papua \u003e LPSE Provinsi Papua",
        "newUrlPath":  "papua"
    },
    {
        "name":  "Provinsi Nusa Tenggara Timur \u003e LPSE Provinsi Nusa Tenggara Timur",
        "newUrlPath":  "nttprov"
    },
    {
        "name":  "Provinsi Nusa Tenggara Barat \u003e LPSE Provinsi Nusa Tenggara Barat",
        "newUrlPath":  "ntbprov"
    },
    {
        "name":  "Provinsi Maluku Utara \u003e LPSE Provinsi Maluku Utara",
        "newUrlPath":  "malutprov"
    },
    {
        "name":  "Provinsi Maluku \u003e LPSE Provinsi Maluku",
        "newUrlPath":  "malukuprov"
    },
    {
        "name":  "Provinsi Lampung \u003e LPSE Provinsi Lampung",
        "newUrlPath":  "lampungprov"
    },
    {
        "name":  "Provinsi Kepulauan Riau \u003e LPSE Provinsi Kepulauan Riau",
        "newUrlPath":  "kepriprov"
    },
    {
        "name":  "Provinsi Kalimantan Utara \u003e LPSE Provinsi Kalimantan Utara",
        "newUrlPath":  "kaltaraprov"
    },
    {
        "name":  "Provinsi Kalimantan Timur \u003e LPSE Provinsi Kalimantan Timur",
        "newUrlPath":  "kaltimprov"
    },
    {
        "name":  "Provinsi Kalimantan Tengah \u003e LPSE Provinsi Kalimantan Tengah",
        "newUrlPath":  "kalteng"
    },
    {
        "name":  "Provinsi Kalimantan Selatan \u003e LPSE Provinsi Kalimantan Selatan",
        "newUrlPath":  "kalselprov"
    },
    {
        "name":  "Provinsi Kalimantan Barat \u003e LPSE Provinsi Kalimantan Barat",
        "newUrlPath":  "kalbarprov"
    },
    {
        "name":  "Provinsi Jawa Timur \u003e LPSE Provinsi Jawa Timur",
        "newUrlPath":  "jatimprov"
    },
    {
        "name":  "Provinsi Jawa Tengah \u003e LPSE Provinsi Jawa Tengah",
        "newUrlPath":  "jatengprov"
    },
    {
        "name":  "Provinsi Jawa Barat \u003e LPSE Provinsi Jawa Barat",
        "newUrlPath":  "jabarprov"
    },
    {
        "name":  "Provinsi Jambi \u003e LPSE Provinsi Jambi",
        "newUrlPath":  "jambiprov"
    },
    {
        "name":  "Provinsi Gorontalo \u003e LPSE Provinsi Gorontalo",
        "newUrlPath":  "gorontaloprov"
    },
    {
        "name":  "Provinsi DI Yogyakarta \u003e LPSE Provinsi Daerah Istimewa Yogyakarta",
        "newUrlPath":  "jogjaprov"
    },
    {
        "name":  "Provinsi Bengkulu \u003e LPSE Provinsi Bengkulu",
        "newUrlPath":  "bengkuluprov"
    },
    {
        "name":  "Provinsi Banten \u003e LPSE Provinsi Banten",
        "newUrlPath":  "bantenprov"
    },
    {
        "name":  "Provinsi Bali \u003e LPSE Provinsi Bali",
        "newUrlPath":  "baliprov"
    },
    {
        "name":  "Perpustakaan Nasional Republik Indonesia \u003e LPSE Kementerian Keuangan",
        "newUrlPath":  "kemenkeu"
    },
    {
        "name":  "Ombudsman Republik Indonesia \u003e LPSE Lembaga Kebijakan Pengadaan Barang/Jasa Pemerintah",
        "newUrlPath":  "lkpp"
    },
    {
        "name":  "Majelis Permusyawaratan Rakyat \u003e LPSE Majelis Permusyawaratan Rakyat Republik Indonesia",
        "newUrlPath":  "mpr"
    },
    {
        "name":  "Mahkamah Konstitusi Ri \u003e LPSE Mahkamah Konstitusi",
        "newUrlPath":  "mkri"
    },
    {
        "name":  "Mahkamah Agung \u003e LPSE Mahkamah Agung Republik Indonesia",
        "newUrlPath":  "mahkamahagung"
    },
    {
        "name":  "Lembaga Penyiaran Radio Republik Indonesia \u003e LPSE Lembaga Kebijakan Pengadaan Barang/Jasa Pemerintah",
        "newUrlPath":  "lkpp"
    },
    {
        "name":  "Lembaga Penyiaran Publik Televisi Republik Indonesia \u003e LPSE Televisi Republik Indonesia",
        "newUrlPath":  "tvri"
    },
    {
        "name":  "Lembaga Ketahanan Nasional \u003e LPSE Lembaga Ketahanan Nasional",
        "newUrlPath":  "lemhannas"
    },
    {
        "name":  "Lembaga Kebijakan Pengadaan Barang/Jasa Pemerintah \u003e LPSE Lembaga Kebijakan Pengadaan Barang/Jasa Pemerintah",
        "newUrlPath":  "lkpp"
    },
    {
        "name":  "Lembaga Administrasi Negara \u003e LPSE Kementerian Keuangan",
        "newUrlPath":  "kemenkeu"
    },
    {
        "name":  "Kota Yogyakarta \u003e LPSE Kota Yogyakarta",
        "newUrlPath":  "jogjakota"
    },
    {
        "name":  "Kota Tual \u003e LPSE Kota Tual",
        "newUrlPath":  "tualkota"
    },
    {
        "name":  "Kota Tomohon \u003e LPSE Kota Tomohon",
        "newUrlPath":  "tomohon"
    },
    {
        "name":  "Kota Tidore Kepulauan \u003e LPSE Kota Tidore Kepulauan",
        "newUrlPath":  "tidorekota"
    },
    {
        "name":  "Kota Ternate \u003e LPSE Kota Ternate",
        "newUrlPath":  "ternatekota"
    },
    {
        "name":  "Kota Tegal \u003e LPSE Kota Tegal",
        "newUrlPath":  "tegalkota"
    },
    {
        "name":  "Kota Tebing Tinggi \u003e LPSE Kota Tebing Tinggi",
        "newUrlPath":  "tebingtinggikota"
    },
    {
        "name":  "Kota Tasikmalaya \u003e LPSE Kota Tasikmalaya",
        "newUrlPath":  "tasikmalayakota"
    },
    {
        "name":  "Kota Tarakan \u003e LPSE Kota Tarakan",
        "newUrlPath":  "tarakankota"
    },
    {
        "name":  "Kota Tanjung Pinang \u003e LPSE Kota Tanjung Pinang",
        "newUrlPath":  "tanjungpinangkota"
    },
    {
        "name":  "Kota Tanjung Balai \u003e LPSE Kota Tanjung Balai",
        "newUrlPath":  "tanjungbalaikota"
    },
    {
        "name":  "Kota Tangerang Selatan \u003e LPSE Kota Tangerang Selatan",
        "newUrlPath":  "tangerangselatankota"
    },
    {
        "name":  "Kota Tangerang \u003e LPSE Kota Tangerang",
        "newUrlPath":  "tangerangkota"
    },
    {
        "name":  "Kota Surakarta \u003e LPSE Kota Surakarta",
        "newUrlPath":  "surakarta"
    },
    {
        "name":  "Kota Surabaya \u003e LPSE Kota Surabaya",
        "newUrlPath":  "surabaya"
    },
    {
        "name":  "Kota Sungai Penuh \u003e LPSE Kota Sungai Penuh",
        "newUrlPath":  "sungaipenuhkota"
    },
    {
        "name":  "Kota Sukabumi \u003e LPSE Provinsi Jawa Barat",
        "newUrlPath":  "jabarprov"
    },
    {
        "name":  "Kota Subulussalam \u003e LPSE Kota Subulussalam",
        "newUrlPath":  "subulussalamkota"
    },
    {
        "name":  "Kota Sorong \u003e LPSE Kota Sorong",
        "newUrlPath":  "sorongkota"
    },
    {
        "name":  "Kota Solok \u003e LPSE Kota Solok",
        "newUrlPath":  "solokkota"
    },
    {
        "name":  "Kota Singkawang \u003e LPSE Kota Singkawang",
        "newUrlPath":  "singkawangkota"
    },
    {
        "name":  "Kota Sibolga \u003e LPSE Kota Sibolga",
        "newUrlPath":  "sibolgakota"
    },
    {
        "name":  "Kota Serang \u003e LPSE Kota Serang",
        "newUrlPath":  "serangkota"
    },
    {
        "name":  "Kota Semarang \u003e LPSE Kota Semarang",
        "newUrlPath":  "semarangkota"
    },
    {
        "name":  "Kota Sawahlunto \u003e LPSE Kota Sawahlunto",
        "newUrlPath":  "sawahluntokota"
    },
    {
        "name":  "Kota Samarinda \u003e LPSE Kota Samarinda",
        "newUrlPath":  "samarindakota"
    },
    {
        "name":  "Kota Salatiga \u003e LPSE Kota Salatiga",
        "newUrlPath":  "salatiga"
    },
    {
        "name":  "Kota Sabang \u003e LPSE Kota Sabang",
        "newUrlPath":  "sabangkota"
    },
    {
        "name":  "Kota Probolinggo \u003e LPSE Kota Probolinggo",
        "newUrlPath":  "probolinggokota"
    },
    {
        "name":  "Kota Prabumulih \u003e LPSE Kota Prabumulih",
        "newUrlPath":  "kotaprabumulih"
    },
    {
        "name":  "Kota Pontianak \u003e LPSE Kota Pontianak",
        "newUrlPath":  "pontianak"
    },
    {
        "name":  "Kota Pematangsiantar \u003e LPSE Kota Pematangsiantar",
        "newUrlPath":  "pematangsiantar"
    },
    {
        "name":  "Kota Pekanbaru \u003e LPSE Kota Pekanbaru",
        "newUrlPath":  "pekanbaru"
    },
    {
        "name":  "Kota Pekalongan \u003e LPSE Kota Pekalongan",
        "newUrlPath":  "pekalongankota"
    },
    {
        "name":  "Kota Payakumbuh \u003e LPSE Kota Payakumbuh",
        "newUrlPath":  "payakumbuhkota"
    },
    {
        "name":  "Kota Pasuruan \u003e LPSE Kota Pasuruan",
        "newUrlPath":  "pasuruankota"
    },
    {
        "name":  "Kota Pariaman \u003e LPSE Kota Pariaman",
        "newUrlPath":  "pariamankota"
    },
    {
        "name":  "Kota Pare Pare \u003e LPSE Kota Parepare",
        "newUrlPath":  "pareparekota"
    },
    {
        "name":  "Kota Pangkal Pinang \u003e LPSE Kota Pangkal Pinang",
        "newUrlPath":  "pangkalpinangkota"
    },
    {
        "name":  "Kota Palu \u003e LPSE Kota Palu",
        "newUrlPath":  "palukota"
    },
    {
        "name":  "Kota Palopo \u003e LPSE Kota Palopo",
        "newUrlPath":  "palopokota"
    },
    {
        "name":  "Kota Palembang \u003e LPSE Kota Palembang",
        "newUrlPath":  "palembang"
    },
    {
        "name":  "Kota Palangkaraya \u003e LPSE Kota Palangkaraya",
        "newUrlPath":  "palangkaraya"
    },
    {
        "name":  "Kota Pagar Alam \u003e LPSE Kota Pagar Alam",
        "newUrlPath":  "pagaralamkota"
    },
    {
        "name":  "Kota Padangsidimpuan \u003e LPSE Kota Padang Sidempuan",
        "newUrlPath":  "padangsidimpuankota"
    },
    {
        "name":  "Kota Padang Panjang \u003e LPSE Kota Padang Panjang",
        "newUrlPath":  "padangpanjang"
    },
    {
        "name":  "Kota Padang \u003e LPSE Kota Padang",
        "newUrlPath":  "padang"
    },
    {
        "name":  "Kota Mojokerto \u003e LPSE Kota Mojokerto",
        "newUrlPath":  "mojokertokota"
    },
    {
        "name":  "Kota Metro \u003e LPSE Kota Metro",
        "newUrlPath":  "metrokota"
    },
    {
        "name":  "Kota Medan \u003e LPSE Kota Medan",
        "newUrlPath":  "pemkomedan"
    },
    {
        "name":  "Kota Mataram \u003e LPSE Kota Mataram",
        "newUrlPath":  "mataramkota"
    },
    {
        "name":  "Kota Manado \u003e LPSE Kota Manado",
        "newUrlPath":  "manadokota"
    },
    {
        "name":  "Kota Malang \u003e LPSE Kota Malang",
        "newUrlPath":  "malangkota"
    },
    {
        "name":  "Kota Makassar \u003e LPSE Kota Makassar",
        "newUrlPath":  "makassar"
    },
    {
        "name":  "Kota Magelang \u003e LPSE Kota Magelang",
        "newUrlPath":  "magelangkota"
    },
    {
        "name":  "Kota Madiun \u003e LPSE Kota Madiun",
        "newUrlPath":  "madiunkota"
    },
    {
        "name":  "Kota Lubuk Linggau \u003e LPSE Kota Lubuklinggau",
        "newUrlPath":  "lubuklinggaukota"
    },
    {
        "name":  "Kota Lhokseumawe \u003e LPSE Kota Lhokseumawe",
        "newUrlPath":  "lhokseumawekota"
    },
    {
        "name":  "Kota Langsa \u003e LPSE Kota Langsa",
        "newUrlPath":  "langsakota"
    },
    {
        "name":  "Kota Kupang \u003e LPSE Kota Kupang",
        "newUrlPath":  "kupangkota"
    },
    {
        "name":  "Kota Kotamobagu \u003e LPSE Kabupaten Bolaang Mongondow Timur",
        "newUrlPath":  "boltimkab"
    },
    {
        "name":  "Kota Kendari \u003e LPSE Kota Kendari",
        "newUrlPath":  "kendarikota"
    },
    {
        "name":  "Kota Kediri \u003e LPSE Kota Kediri",
        "newUrlPath":  "kedirikota"
    },
    {
        "name":  "Kota Jayapura \u003e LPSE Kota Jayapura",
        "newUrlPath":  "jayapurakota"
    },
    {
        "name":  "Kota Jambi \u003e LPSE Kota Jambi",
        "newUrlPath":  "jambikota"
    },
    {
        "name":  "Kota Gunungsitoli \u003e LPSE Kota Gunungsitoli",
        "newUrlPath":  "gunungsitolikota"
    },
    {
        "name":  "Kota Gorontalo \u003e LPSE Kota Gorontalo",
        "newUrlPath":  "gorontalokota"
    },
    {
        "name":  "Kota Dumai \u003e LPSE Kota Dumai",
        "newUrlPath":  "dumaikota"
    },
    {
        "name":  "Kota Depok \u003e LPSE Kota Depok",
        "newUrlPath":  "depok"
    },
    {
        "name":  "Kota Denpasar \u003e LPSE Kota Denpasar",
        "newUrlPath":  "denpasarkota"
    },
    {
        "name":  "Kota Cirebon \u003e LPSE Provinsi Jawa Barat",
        "newUrlPath":  "jabarprov"
    },
    {
        "name":  "Kota Cimahi \u003e LPSE Kota Cimahi",
        "newUrlPath":  "cimahikota"
    },
    {
        "name":  "Kota Cilegon \u003e LPSE Kota Cilegon",
        "newUrlPath":  "cilegon"
    },
    {
        "name":  "Kota Bukittinggi \u003e LPSE Kota Bukittinggi",
        "newUrlPath":  "bukittinggikota"
    },
    {
        "name":  "Kota Bontang \u003e LPSE Kota Bontang",
        "newUrlPath":  "bontangkota"
    },
    {
        "name":  "Kota Bogor \u003e LPSE Kota Bogor",
        "newUrlPath":  "kotabogor"
    },
    {
        "name":  "Kota Blitar \u003e LPSE Kota Blitar",
        "newUrlPath":  "blitarkota"
    },
    {
        "name":  "Kota Bitung \u003e LPSE Kota Bitung",
        "newUrlPath":  "bitungkota"
    },
    {
        "name":  "Kota Binjai \u003e LPSE Kota Binjai",
        "newUrlPath":  "binjaikota"
    },
    {
        "name":  "Kota Bima \u003e LPSE Kota Bima",
        "newUrlPath":  "bimakota"
    },
    {
        "name":  "Kota Bengkulu \u003e LPSE Kota Bengkulu",
        "newUrlPath":  "bengkulukota"
    },
    {
        "name":  "Kota Bekasi \u003e LPSE Kota Bekasi",
        "newUrlPath":  "bekasikota"
    },
    {
        "name":  "Kota Bau Bau \u003e LPSE Kota Baubau",
        "newUrlPath":  "baubaukota"
    },
    {
        "name":  "Kota Batu \u003e LPSE Kota Batu",
        "newUrlPath":  "batukota"
    },
    {
        "name":  "Kota Batam \u003e LPSE Kota Batam",
        "newUrlPath":  "batam"
    },
    {
        "name":  "Kota Banjarmasin \u003e LPSE Kota Banjarmasin",
        "newUrlPath":  "banjarmasinkota"
    },
    {
        "name":  "Kota Banjarbaru \u003e LPSE Kota Banjarbaru",
        "newUrlPath":  "banjarbarukota"
    },
    {
        "name":  "Kota Banjar \u003e LPSE Kota Banjar",
        "newUrlPath":  "banjarkota"
    },
    {
        "name":  "Kota Bandung \u003e LPSE Kota Bandung",
        "newUrlPath":  "bandung"
    },
    {
        "name":  "Kota Bandar Lampung \u003e LPSE Kota Bandar Lampung",
        "newUrlPath":  "bandarlampungkota"
    },
    {
        "name":  "Kota Banda Aceh \u003e LPSE Kota Banda Aceh",
        "newUrlPath":  "bandaacehkota"
    },
    {
        "name":  "Kota Balikpapan \u003e LPSE Kota Balikpapan",
        "newUrlPath":  "balikpapan"
    },
    {
        "name":  "Kota Ambon \u003e LPSE Kota Ambon",
        "newUrlPath":  "ambon"
    },
    {
        "name":  "Komisi Yudisial Ri \u003e LPSE Kementerian Keuangan",
        "newUrlPath":  "kemenkeu"
    },
    {
        "name":  "Komisi Pengawas Persaingan Usaha \u003e LPSE Kementerian Keuangan",
        "newUrlPath":  "kemenkeu"
    },
    {
        "name":  "Komisi Pemilihan Umum \u003e LPSE Komisi Pemilihan Umum",
        "newUrlPath":  "kpu"
    },
    {
        "name":  "Komisi Pemberantasan Korupsi \u003e LPSE Kementerian Keuangan",
        "newUrlPath":  "kemenkeu"
    },
    {
        "name":  "Komisi Nasional Hak Asasi Manusia \u003e LPSE Lembaga Kebijakan Pengadaan Barang/Jasa Pemerintah",
        "newUrlPath":  "lkpp"
    },
    {
        "name":  "Kepolisian Negara Republik Indonesia \u003e LPSE Kepolisian Republik Indonesia",
        "newUrlPath":  "polri"
    },
    {
        "name":  "Kementerian Sosial \u003e LPSE Kementerian Sosial",
        "newUrlPath":  "kemensos"
    },
    {
        "name":  "Kementerian Sekretariat Negara \u003e LPSE Kementerian Keuangan",
        "newUrlPath":  "kemenkeu"
    },
    {
        "name":  "Kementerian Pertanian \u003e LPSE Provinsi Maluku Utara",
        "newUrlPath":  "malutprov"
    },
    {
        "name":  "Kementerian Pertanian \u003e LPSE Provinsi Lampung",
        "newUrlPath":  "lampungprov"
    },
    {
        "name":  "Kementerian Pertanian \u003e LPSE Provinsi Gorontalo",
        "newUrlPath":  "gorontaloprov"
    },
    {
        "name":  "Kementerian Pertanian \u003e LPSE Kabupaten Ogan Komering Ilir",
        "newUrlPath":  "kaboki"
    },
    {
        "name":  "Kementerian Pertanian \u003e LPSE Kabupaten Meranti",
        "newUrlPath":  "merantikab"
    },
    {
        "name":  "Kementerian Pertahanan \u003e LPSE TNI Angkatan Udara",
        "newUrlPath":  "tni-au"
    },
    {
        "name":  "Kementerian Pertahanan \u003e LPSE TNI Angkatan Laut",
        "newUrlPath":  "tnial"
    },
    {
        "name":  "Kementerian Pertahanan \u003e LPSE Tentara Nasional Indonesia",
        "newUrlPath":  "mabestni"
    },
    {
        "name":  "Kementerian Pertahanan \u003e LPSE Kementerian Pertahanan Republik Indonesia",
        "newUrlPath":  "kemhan"
    },
    {
        "name":  "Kementerian Perindustrian \u003e LPSE Kementerian Perindustrian",
        "newUrlPath":  "kemenperin"
    },
    {
        "name":  "Kementerian Perhubungan \u003e LPSE Kementerian Perhubungan",
        "newUrlPath":  "dephub"
    },
    {
        "name":  "Kementerian Perencanaan Pembangunan Nasional \u003e LPSE Lembaga Kebijakan Pengadaan Barang/Jasa Pemerintah",
        "newUrlPath":  "lkpp"
    },
    {
        "name":  "Kementerian Perencanaan Pembangunan Nasional \u003e LPSE BAPPENAS",
        "newUrlPath":  "bappenas"
    },
    {
        "name":  "Kementerian Perdagangan \u003e LPSE Kota Serang",
        "newUrlPath":  "serangkota"
    },
    {
        "name":  "Kementerian Perdagangan \u003e LPSE Kota Palopo",
        "newUrlPath":  "palopokota"
    },
    {
        "name":  "Kementerian Perdagangan \u003e LPSE Kementerian Perdagangan RI",
        "newUrlPath":  "kemendag"
    },
    {
        "name":  "Kementerian Perdagangan \u003e LPSE Kabupaten Wajo",
        "newUrlPath":  "wajokab"
    },
    {
        "name":  "Kementerian Perdagangan \u003e LPSE Kabupaten Tanjung Jabung Timur",
        "newUrlPath":  "tanjabtimkab"
    },
    {
        "name":  "Kementerian Perdagangan \u003e LPSE Kabupaten Sampang",
        "newUrlPath":  "sampangkab"
    },
    {
        "name":  "Kementerian Perdagangan \u003e LPSE Kabupaten Polewali Mandar",
        "newUrlPath":  "polmankab"
    },
    {
        "name":  "Kementerian Perdagangan \u003e LPSE Kabupaten Pamekasan",
        "newUrlPath":  "pamekasankab"
    },
    {
        "name":  "Kementerian Perdagangan \u003e LPSE Kabupaten Padang Lawas Utara",
        "newUrlPath":  "padanglawasutarakab"
    },
    {
        "name":  "Kementerian Perdagangan \u003e LPSE Kabupaten Merangin",
        "newUrlPath":  "meranginkab"
    },
    {
        "name":  "Kementerian Perdagangan \u003e LPSE Kabupaten Kebumen",
        "newUrlPath":  "kebumenkab"
    },
    {
        "name":  "Kementerian Perdagangan \u003e LPSE Kabupaten Kapuas Hulu",
        "newUrlPath":  "kapuashulukab"
    },
    {
        "name":  "Kementerian Perdagangan \u003e LPSE Kabupaten Gianyar",
        "newUrlPath":  "gianyarkab"
    },
    {
        "name":  "Kementerian Perdagangan \u003e LPSE Kabupaten Demak",
        "newUrlPath":  "demakkab"
    },
    {
        "name":  "Kementerian Perdagangan \u003e LPSE Kabupaten Bogor",
        "newUrlPath":  "bogorkab"
    },
    {
        "name":  "Kementerian Perdagangan \u003e LPSE Kabupaten Blora",
        "newUrlPath":  "blorakab"
    },
    {
        "name":  "Kementerian Perdagangan \u003e LPSE Kabupaten Blitar",
        "newUrlPath":  "blitarkab"
    },
    {
        "name":  "Kementerian Perdagangan \u003e LPSE Kabupaten Bima",
        "newUrlPath":  "bimakab"
    },
    {
        "name":  "Kementerian Perdagangan \u003e LPSE Kabupaten Banyuwangi",
        "newUrlPath":  "banyuwangikab"
    },
    {
        "name":  "Kementerian Perdagangan \u003e LPSE Kabupaten Banggai",
        "newUrlPath":  "banggaikab"
    },
    {
        "name":  "Kementerian Perdagangan \u003e LPSE Kabupaten Aceh Utara",
        "newUrlPath":  "acehutara"
    },
    {
        "name":  "Kementerian Perdagangan \u003e LPSE Kabupaten Aceh Selatan",
        "newUrlPath":  "acehselatankab"
    },
    {
        "name":  "Kementerian Pendidikan Dasar dan Menengah \u003e LPSE Kementerian Pendidikan Dasar dan Menengah",
        "newUrlPath":  "kemendikdasmen"
    },
    {
        "name":  "Kementerian Pendayagunaan Aparatur Negara Dan Reformasi Birokrasi \u003e LPSE Kementerian Pendayagunaan Aparatur Negara dan Reformasi Birokrasi",
        "newUrlPath":  "menpan"
    },
    {
        "name":  "Kementerian Pemuda Dan Olah Raga \u003e LPSE Provinsi Maluku",
        "newUrlPath":  "malukuprov"
    },
    {
        "name":  "Kementerian Pemuda Dan Olah Raga \u003e LPSE Kementerian Pemuda dan Olahraga",
        "newUrlPath":  "kemenpora"
    },
    {
        "name":  "Kementerian Pemberdayaan Perempuan Dan Perlindungan Anak \u003e LPSE Lembaga Kebijakan Pengadaan Barang/Jasa Pemerintah",
        "newUrlPath":  "lkpp"
    },
    {
        "name":  "Kementerian Pekerjaan Umum dan Perumahan Rakyat \u003e LPSE Kementerian Pekerjaan Umum dan Perumahan Rakyat",
        "newUrlPath":  "pu"
    },
    {
        "name":  "Kementerian Pariwisata dan Ekonomi Kreatif/ Badan Pariwisata dan Ekonomi Kreatif \u003e LPSE Kementerian Pariwisata dan Ekonomi Kreatif/Badan Pariwisata dan Ekonomi Kreatif",
        "newUrlPath":  "kemenpar"
    },
    {
        "name":  "Kementerian Luar Negeri \u003e LPSE Kementerian Luar Negeri",
        "newUrlPath":  "kemlu"
    },
    {
        "name":  "Kementerian Lingkungan Hidup dan Kehutanan \u003e LPSE Kementerian Lingkungan Hidup dan Kehutanan",
        "newUrlPath":  "kehutanan"
    },
    {
        "name":  "Kementerian Koperasi dan Usaha Kecil dan Menengah \u003e LPSE Provinsi Jawa Barat",
        "newUrlPath":  "jabarprov"
    },
    {
        "name":  "Kementerian Koperasi dan Usaha Kecil dan Menengah \u003e LPSE Kementerian Koperasi dan UKM",
        "newUrlPath":  "kemenkopukm"
    },
    {
        "name":  "Kementerian Koperasi dan Usaha Kecil dan Menengah \u003e LPSE Kabupaten Temanggung",
        "newUrlPath":  "temanggungkab"
    },
    {
        "name":  "Kementerian Koperasi dan Usaha Kecil dan Menengah \u003e LPSE Kabupaten Sintang",
        "newUrlPath":  "sintang"
    },
    {
        "name":  "Kementerian Koperasi dan Usaha Kecil dan Menengah \u003e LPSE Kabupaten Parigi Moutong",
        "newUrlPath":  "parigimoutongkab"
    },
    {
        "name":  "Kementerian Koperasi dan Usaha Kecil dan Menengah \u003e LPSE Kabupaten Pangkajene dan Kepulauan",
        "newUrlPath":  "pangkepkab"
    },
    {
        "name":  "Kementerian Koperasi dan Usaha Kecil dan Menengah \u003e LPSE Kabupaten Nagan Raya",
        "newUrlPath":  "naganrayakab"
    },
    {
        "name":  "Kementerian Koperasi dan Usaha Kecil dan Menengah \u003e LPSE Kabupaten Minahasa Selatan",
        "newUrlPath":  "minselkab"
    },
    {
        "name":  "Kementerian Koperasi dan Usaha Kecil dan Menengah \u003e LPSE Kabupaten Konawe Selatan",
        "newUrlPath":  "konaweselatankab"
    },
    {
        "name":  "Kementerian Koperasi dan Usaha Kecil dan Menengah \u003e LPSE Kabupaten Jeneponto",
        "newUrlPath":  "jenepontokab"
    },
    {
        "name":  "Kementerian Koperasi dan Usaha Kecil dan Menengah \u003e LPSE Kabupaten Jembrana",
        "newUrlPath":  "jembranakab"
    },
    {
        "name":  "Kementerian Koperasi dan Usaha Kecil dan Menengah \u003e LPSE Kabupaten Gayo Lues",
        "newUrlPath":  "gayolueskab"
    },
    {
        "name":  "Kementerian Koperasi dan Usaha Kecil dan Menengah \u003e LPSE Kabupaten Belitung",
        "newUrlPath":  "belitung"
    },
    {
        "name":  "Kementerian Koperasi dan Usaha Kecil dan Menengah \u003e LPSE Kabupaten Banyuwangi",
        "newUrlPath":  "banyuwangikab"
    },
    {
        "name":  "Kementerian Koperasi dan Usaha Kecil dan Menengah \u003e LPSE Kabupaten Aceh Tamiang",
        "newUrlPath":  "acehtamiangkab"
    },
    {
        "name":  "Kementerian Koperasi dan Usaha Kecil dan Menengah \u003e LPSE Kabupaten Aceh Selatan",
        "newUrlPath":  "acehselatankab"
    },
    {
        "name":  "Kementerian Koperasi dan Usaha Kecil dan Menengah \u003e LPSE Kabupaten Aceh Besar",
        "newUrlPath":  "acehbesarkab"
    },
    {
        "name":  "Kementerian Koordinator Bidang Perekonomian \u003e LPSE Lembaga Kebijakan Pengadaan Barang/Jasa Pemerintah",
        "newUrlPath":  "lkpp"
    },
    {
        "name":  "Kementerian Koordinator Bidang Pembangunan Manusia dan Kebudayaan \u003e LPSE Kementerian Keuangan",
        "newUrlPath":  "kemenkeu"
    },
    {
        "name":  "Kementerian Koordinator Bidang Kemaritiman \u003e LPSE Lembaga Kebijakan Pengadaan Barang/Jasa Pemerintah",
        "newUrlPath":  "lkpp"
    },
    {
        "name":  "Kementerian Komunikasi Dan Informatika \u003e LPSE Kementerian Komunikasi dan Informatika",
        "newUrlPath":  "komdigi"
    },
    {
        "name":  "Kementerian Keuangan \u003e LPSE Kementerian Keuangan",
        "newUrlPath":  "kemenkeu"
    },
    {
        "name":  "Kementerian Ketenagakerjaan \u003e LPSE Kementerian Ketenagakerjaan",
        "newUrlPath":  "kemnaker"
    },
    {
        "name":  "Kementerian Kesehatan \u003e LPSE Provinsi Maluku Utara",
        "newUrlPath":  "malutprov"
    },
    {
        "name":  "Kementerian Kesehatan \u003e LPSE Kementrian Kesehatan Republik Indonesia",
        "newUrlPath":  "kemkes"
    },
    {
        "name":  "Kementerian Kelautan Dan Perikanan \u003e LPSE Kementerian Kelautan dan Perikanan",
        "newUrlPath":  "kkp"
    },
    {
        "name":  "Kementerian Investasi / Badan Koordinasi Penanaman Modal \u003e LPSE Badan Koordinasi Penanaman Modal",
        "newUrlPath":  "bkpm"
    },
    {
        "name":  "Kementerian Hukum Dan Hak Asasi Manusia RI \u003e LPSE Kementerian Hukum dan HAM RI",
        "newUrlPath":  "kemenkum"
    },
    {
        "name":  "Kementerian Energi Dan Sumber Daya Mineral \u003e LPSE Kementerian Energi dan Sumber Daya Mineral",
        "newUrlPath":  "esdm"
    },
    {
        "name":  "Kementerian Desa Pembangunan Daerah Tertinggal dan Transmigrasi RI \u003e LPSE Provinsi Sulawesi Tengah",
        "newUrlPath":  "sultengprov"
    },
    {
        "name":  "Kementerian Desa Pembangunan Daerah Tertinggal dan Transmigrasi RI \u003e LPSE Kementerian Desa, Pembangunan Daerah Tertinggal Dan Transmigrasi",
        "newUrlPath":  "kemendesa"
    },
    {
        "name":  "Kementerian Desa Pembangunan Daerah Tertinggal dan Transmigrasi RI \u003e LPSE Kabupaten Tolitoli",
        "newUrlPath":  "tolitolikab"
    },
    {
        "name":  "Kementerian Desa Pembangunan Daerah Tertinggal dan Transmigrasi RI \u003e LPSE Kabupaten Sumba Timur",
        "newUrlPath":  "sumbatimurkab"
    },
    {
        "name":  "Kementerian Desa Pembangunan Daerah Tertinggal dan Transmigrasi RI \u003e LPSE Kabupaten Sidenreng Rappang",
        "newUrlPath":  "sidrapkab"
    },
    {
        "name":  "Kementerian Desa Pembangunan Daerah Tertinggal dan Transmigrasi RI \u003e LPSE Kabupaten Penukal Abab Lematang Ilir",
        "newUrlPath":  "palikab"
    },
    {
        "name":  "Kementerian Desa Pembangunan Daerah Tertinggal dan Transmigrasi RI \u003e LPSE Kabupaten Majene",
        "newUrlPath":  "majenekab"
    },
    {
        "name":  "Kementerian Desa Pembangunan Daerah Tertinggal dan Transmigrasi RI \u003e LPSE Kabupaten Lahat",
        "newUrlPath":  "lahatkab"
    },
    {
        "name":  "Kementerian Desa Pembangunan Daerah Tertinggal dan Transmigrasi RI \u003e LPSE Kabupaten Konawe",
        "newUrlPath":  "konawekab"
    },
    {
        "name":  "Kementerian Desa Pembangunan Daerah Tertinggal dan Transmigrasi RI \u003e LPSE Kabupaten Konawe Utara",
        "newUrlPath":  "konaweutarakab"
    },
    {
        "name":  "Kementerian Desa Pembangunan Daerah Tertinggal dan Transmigrasi RI \u003e LPSE Kabupaten Fakfak",
        "newUrlPath":  "fakfakkab"
    },
    {
        "name":  "Kementerian Desa Pembangunan Daerah Tertinggal dan Transmigrasi RI \u003e LPSE Kabupaten Buol",
        "newUrlPath":  "buolkab"
    },
    {
        "name":  "Kementerian Desa Pembangunan Daerah Tertinggal dan Transmigrasi RI \u003e LPSE Kabupaten Bima",
        "newUrlPath":  "bimakab"
    },
    {
        "name":  "Kementerian Desa Pembangunan Daerah Tertinggal dan Transmigrasi RI \u003e LPSE Kabupaten Bengkulu Utara",
        "newUrlPath":  "bengkuluutarakab"
    },
    {
        "name":  "Kementerian Desa Pembangunan Daerah Tertinggal dan Transmigrasi RI \u003e LPSE Kabupaten Barito Kuala",
        "newUrlPath":  "baritokualakab"
    },
    {
        "name":  "Kementerian Desa Pembangunan Daerah Tertinggal dan Transmigrasi RI \u003e LPSE Kabupaten Banyuasin",
        "newUrlPath":  "banyuasinkab"
    },
    {
        "name":  "Kementerian Dalam Negeri \u003e LPSE Kota Surakarta",
        "newUrlPath":  "surakarta"
    },
    {
        "name":  "Kementerian Dalam Negeri \u003e LPSE Kementerian Dalam Negeri",
        "newUrlPath":  "kemendagri"
    },
    {
        "name":  "Kementerian Dalam Negeri \u003e LPSE Kabupaten Belu",
        "newUrlPath":  "belukab"
    },
    {
        "name":  "Kementerian Badan Usaha Milik Negara \u003e LPSE Kementerian Keuangan",
        "newUrlPath":  "kemenkeu"
    },
    {
        "name":  "Kementerian Agraria dan Tata Ruang/BPN \u003e LPSE Kementerian Agraria dan Tata Ruang/BPN",
        "newUrlPath":  "atrbpn"
    },
    {
        "name":  "Kementerian Agama \u003e LPSE Kementerian Agama",
        "newUrlPath":  "kemenag"
    },
    {
        "name":  "Kejaksaan Republik Indonesia \u003e LPSE Kota Palu",
        "newUrlPath":  "palukota"
    },
    {
        "name":  "Kejaksaan Republik Indonesia \u003e LPSE Kejaksaan Agung Republik Indonesia",
        "newUrlPath":  "kejaksaan"
    },
    {
        "name":  "Kejaksaan Republik Indonesia \u003e LPSE Kabupaten Majene",
        "newUrlPath":  "majenekab"
    },
    {
        "name":  "Kab. Yahukimo \u003e LPSE KABUPATEN YAHUKIMO",
        "newUrlPath":  "yahukimokab"
    },
    {
        "name":  "Kab. Wonosobo \u003e LPSE Kabupaten Wonosobo",
        "newUrlPath":  "wonosobokab"
    },
    {
        "name":  "Kab. Wonogiri \u003e LPSE Kabupaten Wonogiri",
        "newUrlPath":  "wonogirikab"
    },
    {
        "name":  "Kab. Way Kanan \u003e LPSE Kabupaten Way Kanan",
        "newUrlPath":  "waykanankab"
    },
    {
        "name":  "Kab. Wakatobi \u003e LPSE Kabupaten Wakatobi",
        "newUrlPath":  "wakatobikab"
    },
    {
        "name":  "Kab. Wajo \u003e LPSE Kabupaten Wajo",
        "newUrlPath":  "wajokab"
    },
    {
        "name":  "Kab. Tulungagung \u003e LPSE Kabupaten Tulungagung",
        "newUrlPath":  "tulungagung"
    },
    {
        "name":  "Kab. Tulang Bawang Barat \u003e LPSE Kabupaten Tulang Bawang Barat",
        "newUrlPath":  "tubaba"
    },
    {
        "name":  "Kab. Tuban \u003e LPSE Kabupaten Tuban",
        "newUrlPath":  "tubankab"
    },
    {
        "name":  "Kab. Trenggalek \u003e LPSE Kabupaten Trenggalek",
        "newUrlPath":  "trenggalekkab"
    },
    {
        "name":  "Kab. Toraja Utara \u003e LPSE Kabupaten Toraja Utara",
        "newUrlPath":  "torajautarakab"
    },
    {
        "name":  "Kab. Tolikara \u003e LPSE Kabupaten Tolikara",
        "newUrlPath":  "tolikarakab"
    },
    {
        "name":  "Kab. Toli Toli \u003e LPSE Kabupaten Tolitoli",
        "newUrlPath":  "tolitolikab"
    },
    {
        "name":  "Kab. Tojo Una Una \u003e LPSE Kabupaten Tojo una-una",
        "newUrlPath":  "tojounauna"
    },
    {
        "name":  "Kab. Toba \u003e LPSE Kabupaten Toba",
        "newUrlPath":  "tobakab"
    },
    {
        "name":  "Kab. Timor Tengah Utara \u003e LPSE Kabupaten Timor Tengah Utara",
        "newUrlPath":  "ttukab"
    },
    {
        "name":  "Kab. Timor Tengah Selatan \u003e LPSE Kabupaten Timor Tengah Selatan",
        "newUrlPath":  "ttskab"
    },
    {
        "name":  "Kab. Temanggung \u003e LPSE Kabupaten Temanggung",
        "newUrlPath":  "temanggungkab"
    },
    {
        "name":  "Kab. Teluk Wondama \u003e LPSE Kabupaten Teluk Wondama",
        "newUrlPath":  "wondamakab"
    },
    {
        "name":  "Kab. Teluk Bintuni \u003e LPSE Kabupaten Teluk Bintuni",
        "newUrlPath":  "telukbintunikab"
    },
    {
        "name":  "Kab. Tegal \u003e LPSE Kabupaten Tegal",
        "newUrlPath":  "tegalkab"
    },
    {
        "name":  "Kab. Tebo \u003e LPSE Kabupaten Tebo",
        "newUrlPath":  "tebokab"
    },
    {
        "name":  "Kab. Tasikmalaya \u003e LPSE Kabupaten Tasikmalaya",
        "newUrlPath":  "tasikmalayakab"
    },
    {
        "name":  "Kab. Tapin \u003e LPSE Kabupaten Tapin",
        "newUrlPath":  "tapinkab"
    },
    {
        "name":  "Kab. Tapanuli Utara \u003e LPSE Kabupaten Tapanuli Utara",
        "newUrlPath":  "taputkab"
    },
    {
        "name":  "Kab. Tapanuli Tengah \u003e LPSE Kabupaten Tapanuli Tengah",
        "newUrlPath":  "tapteng"
    },
    {
        "name":  "Kab. Tapanuli Selatan \u003e LPSE Kabupaten Tapanuli Selatan",
        "newUrlPath":  "tapselkab"
    },
    {
        "name":  "Kab. Tanjung Jabung Timur \u003e LPSE Kabupaten Tanjung Jabung Timur",
        "newUrlPath":  "tanjabtimkab"
    },
    {
        "name":  "Kab. Tanjung Jabung Barat \u003e LPSE Kabupaten Tanjung Jabung Barat",
        "newUrlPath":  "tanjabbarkab"
    },
    {
        "name":  "Kab. Tanggamus \u003e LPSE Kabupaten Tanggamus",
        "newUrlPath":  "tanggamus"
    },
    {
        "name":  "Kab. Tangerang \u003e LPSE Kabupaten Tangerang",
        "newUrlPath":  "tangerangkab"
    },
    {
        "name":  "Kab. Tanah Laut \u003e LPSE Kabupaten Tanah Laut",
        "newUrlPath":  "tanahlautkab"
    },
    {
        "name":  "Kab. Tanah Datar \u003e LPSE Kabupaten Tanah Datar",
        "newUrlPath":  "tanahdatar"
    },
    {
        "name":  "Kab. Tanah Bumbu \u003e LPSE Kabupaten Tanah Bumbu",
        "newUrlPath":  "tanahbumbukab"
    },
    {
        "name":  "Kab. Tana Toraja \u003e LPSE Kabupaten Tana Toraja",
        "newUrlPath":  "tanatorajakab"
    },
    {
        "name":  "Kab. Tana Tidung \u003e LPSE Kabupaten Tana Tidung",
        "newUrlPath":  "tanatidungkab"
    },
    {
        "name":  "Kab. Tambrauw \u003e LPSE Kabupaten Tambrauw",
        "newUrlPath":  "tambrauwkab"
    },
    {
        "name":  "Kab. Takalar \u003e LPSE Kabupaten Takalar",
        "newUrlPath":  "takalarkab"
    },
    {
        "name":  "Kab. Tabanan \u003e LPSE Kabupaten Tabanan",
        "newUrlPath":  "tabanankab"
    },
    {
        "name":  "Kab. Tabalong \u003e LPSE Kabupaten Tabalong",
        "newUrlPath":  "tabalongkab"
    },
    {
        "name":  "Kab. Supiori \u003e LPSE Kabupaten Supiori",
        "newUrlPath":  "supiorikab"
    },
    {
        "name":  "Kab. Sumenep \u003e LPSE Kabupaten Sumenep",
        "newUrlPath":  "sumenepkab"
    },
    {
        "name":  "Kab. Sumedang \u003e LPSE Kabupaten Sumedang",
        "newUrlPath":  "sumedangkab"
    },
    {
        "name":  "Kab. Sumbawa Barat \u003e LPSE Kabupaten Sumbawa Barat",
        "newUrlPath":  "sumbawabaratkab"
    },
    {
        "name":  "Kab. Sumbawa \u003e LPSE Kabupaten Sumbawa",
        "newUrlPath":  "sumbawakab"
    },
    {
        "name":  "Kab. Sumba Timur \u003e LPSE Kabupaten Sumba Timur",
        "newUrlPath":  "sumbatimurkab"
    },
    {
        "name":  "Kab. Sumba Tengah \u003e LPSE Kabupaten Sumba Tengah",
        "newUrlPath":  "sumbatengahkab"
    },
    {
        "name":  "Kab. Sumba Barat Daya \u003e LPSE Kabupaten Sumba Barat Daya",
        "newUrlPath":  "sbdkab"
    },
    {
        "name":  "Kab. Sumba Barat \u003e LPSE Kabupaten Sumba Barat",
        "newUrlPath":  "sumbabaratkab"
    },
    {
        "name":  "Kab. Sukoharjo \u003e LPSE Kabupaten Sukoharjo",
        "newUrlPath":  "sukoharjokab"
    },
    {
        "name":  "Kab. Sukamara \u003e LPSE Kabupaten Sukamara",
        "newUrlPath":  "sukamarakab"
    },
    {
        "name":  "Kab. Sukabumi \u003e LPSE Kabupaten Sukabumi",
        "newUrlPath":  "sukabumikab"
    },
    {
        "name":  "Kab. Subang \u003e LPSE Kabupaten Subang",
        "newUrlPath":  "subang"
    },
    {
        "name":  "Kab. Sragen \u003e LPSE Kabupaten Sragen",
        "newUrlPath":  "sragenkab"
    },
    {
        "name":  "Kab. Sorong Selatan \u003e LPSE Kabupaten Sorong Selatan",
        "newUrlPath":  "sorongselatankab"
    },
    {
        "name":  "Kab. Sorong \u003e LPSE Kabupaten Sorong",
        "newUrlPath":  "sorongkab"
    },
    {
        "name":  "Kab. Soppeng \u003e LPSE Kabupaten Soppeng",
        "newUrlPath":  "soppeng"
    },
    {
        "name":  "Kab. Solok Selatan \u003e LPSE Kabupaten Solok Selatan",
        "newUrlPath":  "solselkab"
    },
    {
        "name":  "Kab. Solok \u003e LPSE Kabupaten Solok",
        "newUrlPath":  "solokkab"
    },
    {
        "name":  "Kab. Sleman \u003e LPSE Kabupaten Sleman",
        "newUrlPath":  "slemankab"
    },
    {
        "name":  "Kab. Situbondo \u003e LPSE Kabupaten Situbondo",
        "newUrlPath":  "situbondokab"
    },
    {
        "name":  "Kab. Sintang \u003e LPSE Kabupaten Sintang",
        "newUrlPath":  "sintang"
    },
    {
        "name":  "Kab. Sinjai \u003e LPSE Kabupaten Sinjai",
        "newUrlPath":  "sinjaikab"
    },
    {
        "name":  "Kab. Simeulue \u003e LPSE Kabupaten Simeulue",
        "newUrlPath":  "simeuluekab"
    },
    {
        "name":  "Kab. Simalungun \u003e LPSE Kabupaten Simalungun",
        "newUrlPath":  "simalungunkab"
    },
    {
        "name":  "Kab. Sikka \u003e LPSE Kabupaten Sikka",
        "newUrlPath":  "sikkakab"
    },
    {
        "name":  "Kab. Sijunjung \u003e LPSE Kabupaten Sijunjung",
        "newUrlPath":  "sijunjung"
    },
    {
        "name":  "Kab. Sigi \u003e LPSE Kabupaten Sigi",
        "newUrlPath":  "sigikab"
    },
    {
        "name":  "Kab. Sidoarjo \u003e LPSE Kabupaten Sidoarjo",
        "newUrlPath":  "sidoarjokab"
    },
    {
        "name":  "Kab. Sidenreng Rappang \u003e LPSE Kabupaten Sidenreng Rappang",
        "newUrlPath":  "sidrapkab"
    },
    {
        "name":  "Kab. Siak \u003e LPSE Kabupaten Siak",
        "newUrlPath":  "siakkab"
    },
    {
        "name":  "Kab. Seruyan \u003e LPSE Kabupaten Seruyan",
        "newUrlPath":  "seruyankab"
    },
    {
        "name":  "Kab. Serdang Bedagai \u003e LPSE Kabupaten Serdang Bedagai",
        "newUrlPath":  "serdangbedagaikab"
    },
    {
        "name":  "Kab. Serang \u003e LPSE Kabupaten Serang",
        "newUrlPath":  "serangkab"
    },
    {
        "name":  "Kab. Seram Bagian Timur \u003e LPSE Kabupaten Seram Bagian Timur",
        "newUrlPath":  "serambagiantimurkab"
    },
    {
        "name":  "Kab. Seram Bagian Barat \u003e LPSE Kabupaten Seram Bagian Barat",
        "newUrlPath":  "sbbkab"
    },
    {
        "name":  "Kab. Semarang \u003e LPSE Kabupaten Semarang",
        "newUrlPath":  "semarangkab"
    },
    {
        "name":  "Kab. Seluma \u003e LPSE Kabupaten Seluma",
        "newUrlPath":  "selumakab"
    },
    {
        "name":  "Kab. Sekadau \u003e LPSE Kabupaten Sekadau",
        "newUrlPath":  "sekadaukab"
    },
    {
        "name":  "Kab. Sarolangun \u003e LPSE Kabupaten Sarolangun",
        "newUrlPath":  "sarolangunkab"
    },
    {
        "name":  "Kab. Sarmi \u003e LPSE Kabupaten Sarmi",
        "newUrlPath":  "sarmikab"
    },
    {
        "name":  "Kab. Sanggau \u003e LPSE Kabupaten Sanggau",
        "newUrlPath":  "sanggau"
    },
    {
        "name":  "Kab. Sampang \u003e LPSE Kabupaten Sampang",
        "newUrlPath":  "sampangkab"
    },
    {
        "name":  "Kab. Samosir \u003e LPSE Kabupaten Samosir",
        "newUrlPath":  "samosirkab"
    },
    {
        "name":  "Kab. Sambas \u003e LPSE Kabupaten Sambas",
        "newUrlPath":  "sambas"
    },
    {
        "name":  "Kab. Sabu Raijua \u003e LPSE Kabupaten Sabu Raijua",
        "newUrlPath":  "saburaijuakab"
    },
    {
        "name":  "Kab. Rote Ndao \u003e LPSE Kabupaten Rote Ndao",
        "newUrlPath":  "rotendaokab"
    },
    {
        "name":  "Kab. Rokan Hulu \u003e LPSE Kabupaten Rokan Hulu",
        "newUrlPath":  "rokanhulukab"
    },
    {
        "name":  "Kab. Rokan Hilir \u003e LPSE Kabupaten Rokan Hilir",
        "newUrlPath":  "rohilkab"
    },
    {
        "name":  "Kab. Rembang \u003e LPSE Kabupaten Rembang (Sekretariat Daerah Kabupaten Rembang Bagian Pengadaan Barang/Jasa)",
        "newUrlPath":  "rembangkab"
    },
    {
        "name":  "Kab. Rejang Lebong \u003e LPSE Kabupaten Rejang Lebong",
        "newUrlPath":  "rejanglebongkab"
    },
    {
        "name":  "Kab. Raja Ampat \u003e LPSE Kabupaten Raja Ampat",
        "newUrlPath":  "rajaampatkab"
    },
    {
        "name":  "Kab. Purworejo \u003e LPSE Kabupaten Purworejo",
        "newUrlPath":  "purworejokab"
    },
    {
        "name":  "Kab. Purwakarta \u003e LPSE Kabupaten Purwakarta",
        "newUrlPath":  "purwakartakab"
    },
    {
        "name":  "Kab. Purbalingga \u003e LPSE Kabupaten Purbalingga",
        "newUrlPath":  "purbalinggakab"
    },
    {
        "name":  "Kab. Puncak Jaya \u003e LPSE Kabupaten Puncak Jaya",
        "newUrlPath":  "puncakjayakab"
    },
    {
        "name":  "Kab. Puncak \u003e LPSE Kabupaten Puncak",
        "newUrlPath":  "puncakkab"
    },
    {
        "name":  "Kab. Pulau Taliabu \u003e LPSE Kabupaten Pulau Taliabu",
        "newUrlPath":  "taliabukab"
    },
    {
        "name":  "Kab. Pulau Morotai \u003e LPSE Kabupaten Pulau Morotai",
        "newUrlPath":  "pulaumorotaikab"
    },
    {
        "name":  "Kab. Pulang Pisau \u003e LPSE Kabupaten Pulang Pisau",
        "newUrlPath":  "pulangpisaukab"
    },
    {
        "name":  "Kab. Probolinggo \u003e LPSE Kabupaten Probolinggo",
        "newUrlPath":  "probolinggokab"
    },
    {
        "name":  "Kab. Pringsewu \u003e LPSE Kabupaten Pringsewu",
        "newUrlPath":  "pringsewukab"
    },
    {
        "name":  "Kab. Poso \u003e LPSE Kabupaten Poso",
        "newUrlPath":  "posokab"
    },
    {
        "name":  "Kab. Ponorogo \u003e LPSE Kabupaten Ponorogo",
        "newUrlPath":  "ponorogo"
    },
    {
        "name":  "Kab. Polewali Mandar \u003e LPSE Kabupaten Polewali Mandar",
        "newUrlPath":  "polmankab"
    },
    {
        "name":  "Kab. Pohuwato \u003e LPSE Kabupaten Pohuwato",
        "newUrlPath":  "pohuwatokab"
    },
    {
        "name":  "Kab. Pinrang \u003e LPSE Kabupaten Pinrang",
        "newUrlPath":  "pinrangkab"
    },
    {
        "name":  "Kab. Pidie Jaya \u003e LPSE Provinsi Aceh",
        "newUrlPath":  "acehprov"
    },
    {
        "name":  "Kab. Pidie Jaya \u003e LPSE Kabupaten Pidie Jaya",
        "newUrlPath":  "pidiejayakab"
    },
    {
        "name":  "Kab. Pidie \u003e LPSE Kabupaten Pidie",
        "newUrlPath":  "pidiekab"
    },
    {
        "name":  "Kab. Pesisir Selatan \u003e LPSE Kabupaten Pesisir Selatan",
        "newUrlPath":  "pesisirselatankab"
    },
    {
        "name":  "Kab. Pesisir Barat \u003e LPSE Kabupaten Pesisir Barat",
        "newUrlPath":  "pesisirbaratkab"
    },
    {
        "name":  "Kab. Pesawaran \u003e LPSE Kabupaten Pesawaran",
        "newUrlPath":  "pesawarankab"
    },
    {
        "name":  "Kab. Penukal Abab Lematang Ilir \u003e LPSE Kabupaten Penukal Abab Lematang Ilir",
        "newUrlPath":  "palikab"
    },
    {
        "name":  "Kab. Penajam Paser Utara \u003e LPSE Kabupaten Penajam Paser Utara",
        "newUrlPath":  "penajamkab"
    },
    {
        "name":  "Kab. Pemalang \u003e LPSE Kabupaten Pemalang",
        "newUrlPath":  "pemalangkab"
    },
    {
        "name":  "Kab. Pelalawan \u003e LPSE Kabupaten Pelalawan",
        "newUrlPath":  "pelalawankab"
    },
    {
        "name":  "Kab. Pekalongan \u003e LPSE Kabupaten Pekalongan",
        "newUrlPath":  "pekalongankab"
    },
    {
        "name":  "Kab. Pegunungan Bintang \u003e LPSE Kabupaten Pegunungan Bintang",
        "newUrlPath":  "pegbintangkab"
    },
    {
        "name":  "Kab. Pegunungan Arfak \u003e LPSE Kabupaten Pegunungan Arfak",
        "newUrlPath":  "pegafkab"
    },
    {
        "name":  "Kab. Pati \u003e LPSE Kabupaten Pati",
        "newUrlPath":  "patikab"
    },
    {
        "name":  "Kab. Pasuruan \u003e LPSE Kabupaten Pasuruan",
        "newUrlPath":  "pasuruankab"
    },
    {
        "name":  "Kab. Paser \u003e LPSE Kabupaten Paser",
        "newUrlPath":  "paserkab"
    },
    {
        "name":  "Kab. Pasangkayu \u003e LPSE Kabupaten Pasangkayu",
        "newUrlPath":  "pasangkayukab"
    },
    {
        "name":  "Kab. Pasaman Barat \u003e LPSE Kabupaten Pasaman Barat",
        "newUrlPath":  "pasamanbaratkab"
    },
    {
        "name":  "Kab. Pasaman \u003e LPSE Kabupaten Pasaman",
        "newUrlPath":  "pasamankab"
    },
    {
        "name":  "Kab. Parigi Moutong \u003e LPSE Kabupaten Parigi Moutong",
        "newUrlPath":  "parigimoutongkab"
    },
    {
        "name":  "Kab. Pangkajene Kepulauan \u003e LPSE Kabupaten Pangkajene dan Kepulauan",
        "newUrlPath":  "pangkepkab"
    },
    {
        "name":  "Kab. Pangandaran \u003e LPSE Provinsi Jawa Barat",
        "newUrlPath":  "jabarprov"
    },
    {
        "name":  "Kab. Pandeglang \u003e LPSE Kabupaten Pandeglang",
        "newUrlPath":  "pandeglangkab"
    },
    {
        "name":  "Kab. Pamekasan \u003e LPSE Kabupaten Pamekasan",
        "newUrlPath":  "pamekasankab"
    },
    {
        "name":  "Kab. Pakpak Bharat \u003e LPSE Kabupaten Pakpak Bharat",
        "newUrlPath":  "pakpakbharatkab"
    },
    {
        "name":  "Kab. Padang Pariaman \u003e LPSE Kabupaten Padang Pariaman",
        "newUrlPath":  "padangpariamankab"
    },
    {
        "name":  "Kab. Padang Lawas Utara \u003e LPSE Kabupaten Padang Lawas Utara",
        "newUrlPath":  "padanglawasutarakab"
    },
    {
        "name":  "Kab. Padang Lawas \u003e LPSE Kabupaten Padang Lawas",
        "newUrlPath":  "padanglawaskab"
    },
    {
        "name":  "Kab. Pacitan \u003e LPSE Kabupaten Pacitan",
        "newUrlPath":  "pacitankab"
    },
    {
        "name":  "Kab. Ogan Komering Ulu Timur \u003e LPSE Kabupaten Ogan Komering Ulu Timur",
        "newUrlPath":  "okutimurkab"
    },
    {
        "name":  "Kab. Ogan Komering Ulu Selatan \u003e LPSE Kabupaten Ogan Komering Ulu Selatan",
        "newUrlPath":  "okuselatankab"
    },
    {
        "name":  "Kab. Ogan Komering Ulu \u003e LPSE Kabupaten Ogan Komering Ulu",
        "newUrlPath":  "okukab"
    },
    {
        "name":  "Kab. Ogan Komering Ilir \u003e LPSE Kabupaten Ogan Komering Ilir",
        "newUrlPath":  "kaboki"
    },
    {
        "name":  "Kab. Ogan Ilir \u003e LPSE Kabupaten Ogan Ilir",
        "newUrlPath":  "oganilirkab"
    },
    {
        "name":  "Kab. Nunukan \u003e LPSE Kabupaten Nunukan",
        "newUrlPath":  "nunukankab"
    },
    {
        "name":  "Kab. Nias Utara \u003e LPSE Kabupaten Nias Utara",
        "newUrlPath":  "niasutarakab"
    },
    {
        "name":  "Kab. Nias Selatan \u003e LPSE Kabupaten Nias Selatan",
        "newUrlPath":  "niasselatankab"
    },
    {
        "name":  "Kab. Nias Barat \u003e LPSE Kabupaten Nias Barat",
        "newUrlPath":  "niasbaratkab"
    },
    {
        "name":  "Kab. Nias \u003e LPSE Kabupaten Nias",
        "newUrlPath":  "niaskab"
    },
    {
        "name":  "Kab. Ngawi \u003e LPSE Kabupaten Ngawi",
        "newUrlPath":  "ngawikab"
    },
    {
        "name":  "Kab. Nganjuk \u003e LPSE Kabupaten Nganjuk",
        "newUrlPath":  "nganjukkab"
    },
    {
        "name":  "Kab. Ngada \u003e LPSE Kabupaten Ngada",
        "newUrlPath":  "ngadakab"
    },
    {
        "name":  "Kab. Natuna \u003e LPSE Kabupaten Natuna",
        "newUrlPath":  "natunakab"
    },
    {
        "name":  "Kab. Nagekeo \u003e LPSE Kabupaten Nagekeo",
        "newUrlPath":  "nagekeokab"
    },
    {
        "name":  "Kab. Nagan Raya \u003e LPSE Kabupaten Nagan Raya",
        "newUrlPath":  "naganrayakab"
    },
    {
        "name":  "Kab. Nabire \u003e LPSE Kabupaten Nabire",
        "newUrlPath":  "nabirekab"
    },
    {
        "name":  "Kab. Musi Rawas Utara \u003e LPSE Kabupaten Musi Rawas Utara",
        "newUrlPath":  "muratarakab"
    },
    {
        "name":  "Kab. Musi Rawas \u003e LPSE Kabupaten Musi Rawas",
        "newUrlPath":  "musirawaskab"
    },
    {
        "name":  "Kab. Musi Banyuasin \u003e LPSE Kabupaten Musi Banyuasin",
        "newUrlPath":  "mubakab"
    },
    {
        "name":  "Kab. Murung Raya \u003e LPSE Kabupaten Murung Raya",
        "newUrlPath":  "murungrayakab"
    },
    {
        "name":  "Kab. Muna Barat \u003e LPSE Kabupaten Muna Barat",
        "newUrlPath":  "munabaratkab"
    },
    {
        "name":  "Kab. Muna \u003e LPSE Kabupaten Muna",
        "newUrlPath":  "munakab"
    },
    {
        "name":  "Kab. Muko Muko \u003e LPSE Kabupaten Muko Muko",
        "newUrlPath":  "mukomukokab"
    },
    {
        "name":  "Kab. Muaro Jambi \u003e LPSE Kabupaten Muaro Jambi",
        "newUrlPath":  "muarojambikab"
    },
    {
        "name":  "Kab. Muara Enim \u003e LPSE Kabupaten Muara Enim",
        "newUrlPath":  "muaraenimkab"
    },
    {
        "name":  "Kab. Morowali Utara \u003e LPSE Kabupaten Morowali Utara",
        "newUrlPath":  "morowaliutarakab"
    },
    {
        "name":  "Kab. Morowali \u003e LPSE Kabupaten Morowali",
        "newUrlPath":  "morowalikab"
    },
    {
        "name":  "Kab. Mojokerto \u003e LPSE Kabupaten Mojokerto",
        "newUrlPath":  "mojokertokab"
    },
    {
        "name":  "Kab. Minahasa Utara \u003e LPSE Kabupaten Minahasa Utara",
        "newUrlPath":  "minut"
    },
    {
        "name":  "Kab. Minahasa Tenggara \u003e LPSE Kabupaten Minahasa Tenggara",
        "newUrlPath":  "mitrakab"
    },
    {
        "name":  "Kab. Minahasa Selatan \u003e LPSE Kabupaten Minahasa Selatan",
        "newUrlPath":  "minselkab"
    },
    {
        "name":  "Kab. Minahasa \u003e LPSE Kabupaten Minahasa",
        "newUrlPath":  "minahasa"
    },
    {
        "name":  "Kab. Mimika \u003e LPSE Kabupaten Mimika",
        "newUrlPath":  "mimikakab"
    },
    {
        "name":  "Kab. Mesuji \u003e LPSE Kabupaten Mesuji",
        "newUrlPath":  "mesujikab"
    },
    {
        "name":  "Kab. Merauke \u003e LPSE Kabupaten Merauke",
        "newUrlPath":  "merauke"
    },
    {
        "name":  "Kab. Merangin \u003e LPSE Kabupaten Merangin",
        "newUrlPath":  "meranginkab"
    },
    {
        "name":  "Kab. Mempawah \u003e LPSE Kabupaten Mempawah",
        "newUrlPath":  "mempawahkab"
    },
    {
        "name":  "Kab. Melawi \u003e LPSE Kabupaten Melawi",
        "newUrlPath":  "melawikab"
    },
    {
        "name":  "Kab. Maros \u003e LPSE Kabupaten Maros",
        "newUrlPath":  "maroskab"
    },
    {
        "name":  "Kab. Mappi \u003e LPSE Kabupaten Mappi",
        "newUrlPath":  "mappikab"
    },
    {
        "name":  "Kab. Manokwari Selatan \u003e LPSE KABUPATEN Manokwari Selatan",
        "newUrlPath":  "manselkab"
    },
    {
        "name":  "Kab. Manokwari \u003e LPSE Kabupaten Manokwari",
        "newUrlPath":  "manokwarikab"
    },
    {
        "name":  "Kab. Manggarai Timur \u003e LPSE Kabupaten Manggarai Timur",
        "newUrlPath":  "manggaraitimurkab"
    },
    {
        "name":  "Kab. Manggarai Barat \u003e LPSE Kabupaten Manggarai Barat",
        "newUrlPath":  "manggaraibaratkab"
    },
    {
        "name":  "Kab. Manggarai \u003e LPSE Kabupaten Manggarai",
        "newUrlPath":  "manggaraikab"
    },
    {
        "name":  "Kab. Mandailing Natal \u003e LPSE Kabupaten Mandailing Natal",
        "newUrlPath":  "madina"
    },
    {
        "name":  "Kab. Mamuju Tengah \u003e LPSE Kabupaten Mamuju Tengah",
        "newUrlPath":  "mamujutengahkab"
    },
    {
        "name":  "Kab. Mamuju \u003e LPSE Kabupaten Mamuju",
        "newUrlPath":  "mamujukab"
    },
    {
        "name":  "Kab. Mamberamo Tengah \u003e LPSE Kabupaten Mamberamo Tengah",
        "newUrlPath":  "mamberamotengahkab"
    },
    {
        "name":  "Kab. Mamberamo Raya \u003e LPSE Kabupaten Mamberamo Raya",
        "newUrlPath":  "mamberamorayakab"
    },
    {
        "name":  "Kab. Mamasa \u003e LPSE Kabupaten Mamasa",
        "newUrlPath":  "mamasakab"
    },
    {
        "name":  "Kab. Maluku Tenggara \u003e LPSE Kabupaten Maluku Tenggara",
        "newUrlPath":  "malukutenggarakab"
    },
    {
        "name":  "Kab. Maluku Tengah \u003e LPSE Kabupaten Maluku Tengah",
        "newUrlPath":  "maltengkab"
    },
    {
        "name":  "Kab. Maluku Barat Daya \u003e LPSE Kabupaten Maluku Barat Daya",
        "newUrlPath":  "malukubaratdayakab"
    },
    {
        "name":  "Kab. Malinau \u003e LPSE Kabupaten Malinau",
        "newUrlPath":  "malinau"
    },
    {
        "name":  "Kab. Malang \u003e LPSE Kabupaten Malang",
        "newUrlPath":  "malangkab"
    },
    {
        "name":  "Kab. Majene \u003e LPSE Kabupaten Majene",
        "newUrlPath":  "majenekab"
    },
    {
        "name":  "Kab. Majalengka \u003e LPSE Kabupaten Majalengka",
        "newUrlPath":  "majalengkakab"
    },
    {
        "name":  "Kab. Mahakam Ulu \u003e LPSE Kabupaten Mahakam Ulu",
        "newUrlPath":  "mahakamulukab"
    },
    {
        "name":  "Kab. Magetan \u003e LPSE Kabupaten Magetan",
        "newUrlPath":  "magetan"
    },
    {
        "name":  "Kab. Magelang \u003e LPSE Kabupaten Magelang",
        "newUrlPath":  "magelangkab"
    },
    {
        "name":  "Kab. Madiun \u003e LPSE Kabupaten Madiun",
        "newUrlPath":  "madiunkab"
    },
    {
        "name":  "Kab. Luwu Utara \u003e LPSE Kabupaten Luwu Utara",
        "newUrlPath":  "luwuutarakab"
    },
    {
        "name":  "Kab. Luwu Timur \u003e LPSE Kabupaten Luwu Timur",
        "newUrlPath":  "luwutimurkab"
    },
    {
        "name":  "Kab. Luwu \u003e LPSE Kabupaten Luwu",
        "newUrlPath":  "luwukab"
    },
    {
        "name":  "Kab. Lumajang \u003e LPSE Kabupaten Lumajang",
        "newUrlPath":  "lumajangkab"
    },
    {
        "name":  "Kab. Lombok Utara \u003e LPSE Kabupaten Lombok Utara",
        "newUrlPath":  "lombokutarakab"
    },
    {
        "name":  "Kab. Lombok Timur \u003e LPSE Kabupaten Lombok Timur",
        "newUrlPath":  "lomboktimurkab"
    },
    {
        "name":  "Kab. Lombok Tengah \u003e LPSE Kabupaten Lombok Tengah",
        "newUrlPath":  "lomboktengahkab"
    },
    {
        "name":  "Kab. Lombok Barat \u003e LPSE Kabupaten Lombok Barat",
        "newUrlPath":  "lombokbaratkab"
    },
    {
        "name":  "Kab. Lingga \u003e LPSE Kabupaten Lingga",
        "newUrlPath":  "linggakab"
    },
    {
        "name":  "Kab. Lima Puluh Kota \u003e LPSE Kabupaten Lima Puluh Kota",
        "newUrlPath":  "limapuluhkotakab"
    },
    {
        "name":  "Kab. Lembata \u003e LPSE Kabupaten Lembata",
        "newUrlPath":  "lembatakab"
    },
    {
        "name":  "Kab. Lebong \u003e LPSE Kabupaten Lebong",
        "newUrlPath":  "lebongkab"
    },
    {
        "name":  "Kab. Lebak \u003e LPSE Kabupaten Lebak",
        "newUrlPath":  "lebakkab"
    },
    {
        "name":  "Kab. Lanny Jaya \u003e LPSE Kabupaten Lanny Jaya",
        "newUrlPath":  "lannyjayakab"
    },
    {
        "name":  "Kab. Langkat \u003e LPSE Kabupaten Langkat",
        "newUrlPath":  "langkatkab"
    },
    {
        "name":  "Kab. Landak \u003e LPSE Kabupaten Landak",
        "newUrlPath":  "landakkab"
    },
    {
        "name":  "Kab. Lampung Utara \u003e LPSE Kabupaten Lampung Utara",
        "newUrlPath":  "lampungutarakab"
    },
    {
        "name":  "Kab. Lampung Tengah \u003e LPSE Kabupaten Lampung Tengah",
        "newUrlPath":  "lampungtengahkab"
    },
    {
        "name":  "Kab. Lampung Barat \u003e LPSE Kabupaten Lampung Barat",
        "newUrlPath":  "lampungbaratkab"
    },
    {
        "name":  "Kab. Lamongan \u003e LPSE Kabupaten Lamongan",
        "newUrlPath":  "lamongankab"
    },
    {
        "name":  "Kab. Lamandau \u003e LPSE Kabupaten Lamandau",
        "newUrlPath":  "lamandaukab"
    },
    {
        "name":  "Kab. Lahat \u003e LPSE Kabupaten Lahat",
        "newUrlPath":  "lahatkab"
    },
    {
        "name":  "Kab. Labuhanbatu Utara \u003e LPSE Kabupaten Labuhan Batu Utara",
        "newUrlPath":  "labura"
    },
    {
        "name":  "Kab. Labuhanbatu Selatan \u003e LPSE Kabupaten Labuhan Batu Selatan",
        "newUrlPath":  "labuhanbatuselatankab"
    },
    {
        "name":  "Kab. Labuhanbatu \u003e LPSE Kabupaten Labuhan Batu",
        "newUrlPath":  "labuhanbatukab"
    },
    {
        "name":  "Kab. Kutai Timur \u003e LPSE Kabupaten Kutai Timur",
        "newUrlPath":  "kutaitimurkab"
    },
    {
        "name":  "Kab. Kutai Kartanegara \u003e LPSE Kabupaten Kutai Kartanegara",
        "newUrlPath":  "kukarkab"
    },
    {
        "name":  "Kab. Kutai Barat \u003e LPSE Kabupaten Kutai Barat",
        "newUrlPath":  "kutaibaratkab"
    },
    {
        "name":  "Kab. Kupang \u003e LPSE Kabupaten Kupang",
        "newUrlPath":  "kupangkab"
    },
    {
        "name":  "Kab. Kuningan \u003e LPSE Kabupaten Kuningan",
        "newUrlPath":  "kuningankab"
    },
    {
        "name":  "Kab. Kulon Progo \u003e LPSE Kabupaten Kulon Progo",
        "newUrlPath":  "kulonprogokab"
    },
    {
        "name":  "Kab. Kudus \u003e LPSE Kabupaten Kudus",
        "newUrlPath":  "kuduskab"
    },
    {
        "name":  "Kab. Kubu Raya \u003e LPSE Kabupaten Kuburaya",
        "newUrlPath":  "kuburayakab"
    },
    {
        "name":  "Kab. Kuantan Singingi \u003e LPSE Kabupaten Kuantan Singingi",
        "newUrlPath":  "kuansing"
    },
    {
        "name":  "Kab. Kotawaringin Timur \u003e LPSE Kabupaten Kotawaringin Timur",
        "newUrlPath":  "kotimkab"
    },
    {
        "name":  "Kab. Kotawaringin Barat \u003e LPSE Kabupaten Kotawaringin Barat",
        "newUrlPath":  "kotawaringinbaratkab"
    },
    {
        "name":  "Kab. Kotabaru \u003e LPSE Kabupaten Kotabaru",
        "newUrlPath":  "kotabarukab"
    },
    {
        "name":  "Kab. Konawe Utara \u003e LPSE Kabupaten Konawe Utara",
        "newUrlPath":  "konaweutarakab"
    },
    {
        "name":  "Kab. Konawe Selatan \u003e LPSE Kabupaten Konawe Selatan",
        "newUrlPath":  "konaweselatankab"
    },
    {
        "name":  "Kab. Konawe Kepulauan \u003e LPSE Kabupaten Konawe Kepulauan",
        "newUrlPath":  "konkepkab"
    },
    {
        "name":  "Kab. Konawe \u003e LPSE Kabupaten Konawe",
        "newUrlPath":  "konawekab"
    },
    {
        "name":  "Kab. Kolaka Utara \u003e LPSE Kabupaten Kolaka Utara",
        "newUrlPath":  "kolutkab"
    },
    {
        "name":  "Kab. Kolaka Timur \u003e LPSE Kabupaten Kolaka Timur",
        "newUrlPath":  "kolakatimurkab"
    },
    {
        "name":  "Kab. Kolaka \u003e LPSE Kabupaten Kolaka",
        "newUrlPath":  "kolakakab"
    },
    {
        "name":  "Kab. Klungkung \u003e LPSE Kabupaten Klungkung",
        "newUrlPath":  "klungkungkab"
    },
    {
        "name":  "Kab. Klaten \u003e LPSE Kabupaten Klaten",
        "newUrlPath":  "klaten"
    },
    {
        "name":  "Kab. Ketapang \u003e LPSE Kabupaten Ketapang",
        "newUrlPath":  "ketapangkab"
    },
    {
        "name":  "Kab. Kerinci \u003e LPSE Kabupaten Kerinci",
        "newUrlPath":  "kerincikab"
    },
    {
        "name":  "Kab. Kepulauan Yapen \u003e LPSE Kabupaten Kepulauan Yapen",
        "newUrlPath":  "kepyapenkab"
    },
    {
        "name":  "Kab. Kepulauan Tanimbar \u003e LPSE Kabupaten Maluku Tenggara Barat",
        "newUrlPath":  "tanimbar"
    },
    {
        "name":  "Kab. Kepulauan Talaud \u003e LPSE Kabupaten Talaud",
        "newUrlPath":  "talaudkab"
    },
    {
        "name":  "Kab. Kepulauan Sula \u003e LPSE Kabupaten Sula",
        "newUrlPath":  "kepulauansulakab"
    },
    {
        "name":  "Kab. Kepulauan Selayar \u003e LPSE Kabupaten Kepulauan Selayar",
        "newUrlPath":  "kepulauanselayarkab"
    },
    {
        "name":  "Kab. Kepulauan Sangihe \u003e LPSE Kabupaten Kepulauan Sangihe",
        "newUrlPath":  "sangihekab"
    },
    {
        "name":  "Kab. Kepulauan Meranti \u003e LPSE Kabupaten Meranti",
        "newUrlPath":  "merantikab"
    },
    {
        "name":  "Kab. Kepulauan Mentawai \u003e LPSE Kabupaten Kepulauan Mentawai",
        "newUrlPath":  "mentawaikab"
    },
    {
        "name":  "Kab. Kepulauan Aru \u003e LPSE Kabupaten Kepulauan Aru",
        "newUrlPath":  "kepulauanarukab"
    },
    {
        "name":  "Kab. Kepulauan Anambas \u003e LPSE Kabupaten Kepulauan Anambas",
        "newUrlPath":  "anambaskab"
    },
    {
        "name":  "Kab. Kepahiang \u003e LPSE Kabupaten Kepahiang",
        "newUrlPath":  "kepahiangkab"
    },
    {
        "name":  "Kab. Kep. Siau Tagulandang Biaro \u003e LPSE Kabupaten Siau Tagulandang Biaro",
        "newUrlPath":  "sitarokab"
    },
    {
        "name":  "Kab. Kendal \u003e LPSE Kabupaten Kendal",
        "newUrlPath":  "kendalkab"
    },
    {
        "name":  "Kab. Keerom \u003e LPSE Kabupaten Keerom",
        "newUrlPath":  "keeromkab"
    },
    {
        "name":  "Kab. Kediri \u003e LPSE Kabupaten Kediri",
        "newUrlPath":  "kedirikab"
    },
    {
        "name":  "Kab. Kebumen \u003e LPSE Kabupaten Kebumen",
        "newUrlPath":  "kebumenkab"
    },
    {
        "name":  "Kab. Kayong Utara \u003e LPSE Kabupaten Kayong Utara",
        "newUrlPath":  "kayongutarakab"
    },
    {
        "name":  "Kab. Kaur \u003e LPSE Kabupaten Kaur",
        "newUrlPath":  "kaurkab"
    },
    {
        "name":  "Kab. Karo \u003e LPSE Kabupaten Karo",
        "newUrlPath":  "karokab"
    },
    {
        "name":  "Kab. Karimun \u003e LPSE Kabupaten Karimun",
        "newUrlPath":  "karimunkab"
    },
    {
        "name":  "Kab. Karawang \u003e LPSE Kabupaten Karawang",
        "newUrlPath":  "karawangkab"
    },
    {
        "name":  "Kab. Karangasem \u003e LPSE Kabupaten Karangasem",
        "newUrlPath":  "karangasemkab"
    },
    {
        "name":  "Kab. Karanganyar \u003e LPSE Kabupaten Karanganyar",
        "newUrlPath":  "karanganyarkab"
    },
    {
        "name":  "Kab. Kapuas Hulu \u003e LPSE Kabupaten Kapuas Hulu",
        "newUrlPath":  "kapuashulukab"
    },
    {
        "name":  "Kab. Kapuas \u003e LPSE Kabupaten Kapuas",
        "newUrlPath":  "kapuaskab"
    },
    {
        "name":  "Kab. Kampar \u003e LPSE Kabupaten Kampar",
        "newUrlPath":  "kamparkab"
    },
    {
        "name":  "Kab. Kaimana \u003e LPSE Kabupaten Kaimana",
        "newUrlPath":  "kaimanakab"
    },
    {
        "name":  "Kab. Jombang \u003e LPSE Kabupaten Jombang",
        "newUrlPath":  "jombangkab"
    },
    {
        "name":  "Kab. Jepara \u003e LPSE Kabupaten Jepara",
        "newUrlPath":  "jepara"
    },
    {
        "name":  "Kab. Jeneponto \u003e LPSE Kabupaten Jeneponto",
        "newUrlPath":  "jenepontokab"
    },
    {
        "name":  "Kab. Jembrana \u003e LPSE Kabupaten Jembrana",
        "newUrlPath":  "jembranakab"
    },
    {
        "name":  "Kab. Jember \u003e LPSE Kabupaten Jember",
        "newUrlPath":  "jemberkab"
    },
    {
        "name":  "Kab. Jayawijaya \u003e LPSE Kabupaten Jayawijaya",
        "newUrlPath":  "jayawijayakab"
    },
    {
        "name":  "Kab. Jayapura \u003e LPSE Kabupaten Jayapura",
        "newUrlPath":  "jayapurakab"
    },
    {
        "name":  "Kab. Intan Jaya \u003e LPSE Kabupaten Intan Jaya",
        "newUrlPath":  "intanjayakab"
    },
    {
        "name":  "Kab. Indramayu \u003e LPSE Kabupaten Indramayu",
        "newUrlPath":  "indramayukab"
    },
    {
        "name":  "Kab. Indragiri Hulu \u003e LPSE Kabupaten Indragiri Hulu",
        "newUrlPath":  "inhukab"
    },
    {
        "name":  "Kab. Indragiri Hilir \u003e LPSE Kabupaten Indragiri Hilir",
        "newUrlPath":  "inhilkab"
    },
    {
        "name":  "Kab. Humbang Hasundutan \u003e LPSE Kabupaten Humbang Hasundutan",
        "newUrlPath":  "humbanghasundutankab"
    },
    {
        "name":  "Kab. Hulu Sungai Utara \u003e LPSE Kabupaten Hulu Sungai Utara",
        "newUrlPath":  "hsu"
    },
    {
        "name":  "Kab. Hulu Sungai Tengah \u003e LPSE Kabupaten Hulu Sungai Tengah",
        "newUrlPath":  "hstkab"
    },
    {
        "name":  "Kab. Hulu Sungai Selatan \u003e LPSE Kabupaten Hulu Sungai Selatan",
        "newUrlPath":  "hulusungaiselatankab"
    },
    {
        "name":  "Kab. Halmahera Utara \u003e LPSE Kabupaten Halmahera Utara",
        "newUrlPath":  "halmaherautarakab"
    },
    {
        "name":  "Kab. Halmahera Timur \u003e LPSE Kabupaten Halmahera Timur",
        "newUrlPath":  "haltimkab"
    },
    {
        "name":  "Kab. Halmahera Tengah \u003e LPSE Kabupaten Halmahera Tengah",
        "newUrlPath":  "haltengkab"
    },
    {
        "name":  "Kab. Halmahera Selatan \u003e LPSE Kabupaten Halmahera Selatan",
        "newUrlPath":  "halmaheraselatankab"
    },
    {
        "name":  "Kab. Halmahera Barat \u003e LPSE Kabupaten Halmahera Barat",
        "newUrlPath":  "halbarkab"
    },
    {
        "name":  "Kab. Gunungkidul \u003e LPSE Kabupaten Gunungkidul",
        "newUrlPath":  "gunungkidulkab"
    },
    {
        "name":  "Kab. Gunung Mas \u003e LPSE Kabupaten Gunung Mas",
        "newUrlPath":  "gunungmaskab"
    },
    {
        "name":  "Kab. Grobogan \u003e LPSE Kabupaten Grobogan",
        "newUrlPath":  "grobogan"
    },
    {
        "name":  "Kab. Gresik \u003e LPSE Kabupaten Gresik",
        "newUrlPath":  "gresikkab"
    },
    {
        "name":  "Kab. Gowa \u003e LPSE Kabupaten Gowa",
        "newUrlPath":  "gowakab"
    },
    {
        "name":  "Kab. Gorontalo Utara \u003e LPSE Kabupaten Gorontalo Utara",
        "newUrlPath":  "gorutkab"
    },
    {
        "name":  "Kab. Gorontalo \u003e LPSE Kabupaten Gorontalo",
        "newUrlPath":  "gorontalokab"
    },
    {
        "name":  "Kab. Gianyar \u003e LPSE Kabupaten Gianyar",
        "newUrlPath":  "gianyarkab"
    },
    {
        "name":  "Kab. Gayo Lues \u003e LPSE Kabupaten Gayo Lues",
        "newUrlPath":  "gayolueskab"
    },
    {
        "name":  "Kab. Garut \u003e LPSE Provinsi Jawa Barat",
        "newUrlPath":  "jabarprov"
    },
    {
        "name":  "Kab. Flores Timur \u003e LPSE Kabupaten Flores Timur",
        "newUrlPath":  "florestimurkab"
    },
    {
        "name":  "Kab. Fak Fak \u003e LPSE Kabupaten Fakfak",
        "newUrlPath":  "fakfakkab"
    },
    {
        "name":  "Kab. Enrekang \u003e LPSE Kabupaten Enrekang",
        "newUrlPath":  "enrekangkab"
    },
    {
        "name":  "Kab. Ende \u003e LPSE Kabupaten Ende",
        "newUrlPath":  "endekab"
    },
    {
        "name":  "Kab. Empat Lawang \u003e LPSE Kabupaten Empat Lawang",
        "newUrlPath":  "empatlawangkab"
    },
    {
        "name":  "Kab. Donggala \u003e LPSE Kabupaten Donggala",
        "newUrlPath":  "donggala"
    },
    {
        "name":  "Kab. Dompu \u003e LPSE Kabupaten Dompu",
        "newUrlPath":  "dompukab"
    },
    {
        "name":  "Kab. Dogiyai \u003e LPSE Kabupaten Dogiyai",
        "newUrlPath":  "dogiyaikab"
    },
    {
        "name":  "Kab. Dharmasraya \u003e LPSE Kabupaten Dharmasraya",
        "newUrlPath":  "dharmasrayakab"
    },
    {
        "name":  "Kab. Demak \u003e LPSE Kabupaten Demak",
        "newUrlPath":  "demakkab"
    },
    {
        "name":  "Kab. Deli Serdang \u003e LPSE Kabupaten Deli Serdang",
        "newUrlPath":  "deliserdangkab"
    },
    {
        "name":  "Kab. Deiyai \u003e LPSE Kabupaten Deiyai",
        "newUrlPath":  "deiyaikab"
    },
    {
        "name":  "Kab. Dairi \u003e LPSE Kabupaten Dairi",
        "newUrlPath":  "dairikab"
    },
    {
        "name":  "Kab. Cirebon \u003e LPSE Kabupaten Cirebon",
        "newUrlPath":  "cirebonkab"
    },
    {
        "name":  "Kab. Cilacap \u003e LPSE Kabupaten Cilacap",
        "newUrlPath":  "cilacapkab"
    },
    {
        "name":  "Kab. Cianjur \u003e LPSE Kabupaten Cianjur",
        "newUrlPath":  "cianjurkab"
    },
    {
        "name":  "Kab. Ciamis \u003e LPSE Kabupaten Ciamis",
        "newUrlPath":  "ciamiskab"
    },
    {
        "name":  "Kab. Buton Utara \u003e LPSE Kabupaten Buton Utara",
        "newUrlPath":  "butonutarakab"
    },
    {
        "name":  "Kab. Buton Tengah \u003e LPSE Kabupaten Buton Tengah",
        "newUrlPath":  "butontengahkab"
    },
    {
        "name":  "Kab. Buton Selatan \u003e LPSE Kabupaten Buton Selatan",
        "newUrlPath":  "butonselatankab"
    },
    {
        "name":  "Kab. Buton \u003e LPSE Kabupaten Buton",
        "newUrlPath":  "butonkab"
    },
    {
        "name":  "Kab. Buru Selatan \u003e LPSE Kabupaten Buru Selatan",
        "newUrlPath":  "burselkab"
    },
    {
        "name":  "Kab. Buru \u003e LPSE Kabupaten Buru",
        "newUrlPath":  "burukab"
    },
    {
        "name":  "Kab. Buol \u003e LPSE Kabupaten Buol",
        "newUrlPath":  "buolkab"
    },
    {
        "name":  "Kab. Bungo \u003e LPSE Kabupaten Bungo",
        "newUrlPath":  "bungokab"
    },
    {
        "name":  "Kab. Bulungan \u003e LPSE Kabupaten Bulungan",
        "newUrlPath":  "bulungan"
    },
    {
        "name":  "Kab. Bulukumba \u003e LPSE Kabupaten Bulukumba",
        "newUrlPath":  "bulukumbakab"
    },
    {
        "name":  "Kab. Buleleng \u003e LPSE Kabupaten Buleleng",
        "newUrlPath":  "bulelengkab"
    },
    {
        "name":  "Kab. Brebes \u003e LPSE Kabupaten Brebes",
        "newUrlPath":  "brebeskab"
    },
    {
        "name":  "Kab. Boyolali \u003e LPSE Kabupaten Boyolali",
        "newUrlPath":  "boyolali"
    },
    {
        "name":  "Kab. Boven Digoel \u003e LPSE Kabupaten Boven Digoel",
        "newUrlPath":  "bovendigoelkab"
    },
    {
        "name":  "Kab. Bone Bolango \u003e LPSE Kabupaten Bone Bolango",
        "newUrlPath":  "bonebolangokab"
    },
    {
        "name":  "Kab. Bone \u003e LPSE Kabupaten Bone",
        "newUrlPath":  "bone"
    },
    {
        "name":  "Kab. Bondowoso \u003e LPSE Kabupaten Bondowoso",
        "newUrlPath":  "bondowosokab"
    },
    {
        "name":  "Kab. Bombana \u003e LPSE Kabupaten Bombana",
        "newUrlPath":  "bombanakab"
    },
    {
        "name":  "Kab. Bolaang Mongondow Utara \u003e LPSE Kabupaten Bolaang Mongondow Utara",
        "newUrlPath":  "bolmutkab"
    },
    {
        "name":  "Kab. Bolaang Mongondow Timur \u003e LPSE Kabupaten Bolaang Mongondow Timur",
        "newUrlPath":  "boltimkab"
    },
    {
        "name":  "Kab. Bolaang Mongondow Selatan \u003e LPSE Kabupaten Bolaang Mongondow Selatan",
        "newUrlPath":  "bolselkab"
    },
    {
        "name":  "Kab. Bolaang Mongondow \u003e LPSE Kabupaten Bolaang Mongondow",
        "newUrlPath":  "bolmongkab"
    },
    {
        "name":  "Kab. Bojonegoro \u003e LPSE Kabupaten Bojonegoro",
        "newUrlPath":  "bojonegorokab"
    },
    {
        "name":  "Kab. Bogor \u003e LPSE Kabupaten Bogor",
        "newUrlPath":  "bogorkab"
    },
    {
        "name":  "Kab. Boalemo \u003e LPSE Kabupaten Boalemo",
        "newUrlPath":  "boalemokab"
    },
    {
        "name":  "Kab. Blora \u003e LPSE Kabupaten Blora",
        "newUrlPath":  "blorakab"
    },
    {
        "name":  "Kab. Blitar \u003e LPSE Kabupaten Blitar",
        "newUrlPath":  "blitarkab"
    },
    {
        "name":  "Kab. Bireuen \u003e LPSE Kabupaten Bireuen",
        "newUrlPath":  "bireuenkab"
    },
    {
        "name":  "Kab. Bintan \u003e LPSE Kabupaten Bintan",
        "newUrlPath":  "bintankab"
    },
    {
        "name":  "Kab. Bima \u003e LPSE Kabupaten Bima",
        "newUrlPath":  "bimakab"
    },
    {
        "name":  "Kab. Biak Numfor \u003e LPSE Kabupaten Biak Numfor",
        "newUrlPath":  "biakkab"
    },
    {
        "name":  "Kab. Berau \u003e LPSE Kabupaten Berau",
        "newUrlPath":  "beraukab"
    },
    {
        "name":  "Kab. Bengkulu Utara \u003e LPSE Kabupaten Bengkulu Utara",
        "newUrlPath":  "bengkuluutarakab"
    },
    {
        "name":  "Kab. Bengkulu Tengah \u003e LPSE Kabupaten Bengkulu Tengah",
        "newUrlPath":  "bengkulutengahkab"
    },
    {
        "name":  "Kab. Bengkulu Selatan \u003e LPSE Kabupaten Bengkulu Selatan",
        "newUrlPath":  "bengkuluselatankab"
    },
    {
        "name":  "Kab. Bengkayang \u003e LPSE Kabupaten Bengkayang",
        "newUrlPath":  "bengkayangkab"
    },
    {
        "name":  "Kab. Bengkalis \u003e LPSE Kabupaten Bengkalis",
        "newUrlPath":  "bengkaliskab"
    },
    {
        "name":  "Kab. Bener Meriah \u003e LPSE Kabupaten Bener Meriah",
        "newUrlPath":  "benermeriahkab"
    },
    {
        "name":  "Kab. Belu \u003e LPSE Kabupaten Belu",
        "newUrlPath":  "belukab"
    },
    {
        "name":  "Kab. Belitung Timur \u003e LPSE Kabupaten Belitung Timur",
        "newUrlPath":  "beltim"
    },
    {
        "name":  "Kab. Belitung \u003e LPSE Kabupaten Belitung",
        "newUrlPath":  "belitung"
    },
    {
        "name":  "Kab. Bekasi \u003e LPSE Kabupaten Bekasi",
        "newUrlPath":  "bekasikab"
    },
    {
        "name":  "Kab. Batu Bara \u003e LPSE Kabupaten Batu Bara",
        "newUrlPath":  "batubarakab"
    },
    {
        "name":  "Kab. Batanghari \u003e LPSE Kabupaten Batanghari",
        "newUrlPath":  "batangharikab"
    },
    {
        "name":  "Kab. Batang \u003e LPSE Kabupaten Batang",
        "newUrlPath":  "batangkab"
    },
    {
        "name":  "Kab. Barru \u003e LPSE Kabupaten Barru",
        "newUrlPath":  "barrukab"
    },
    {
        "name":  "Kab. Barito Utara \u003e LPSE Kabupaten Barito Utara",
        "newUrlPath":  "baritoutarakab"
    },
    {
        "name":  "Kab. Barito Timur \u003e LPSE Kabupaten Barito Timur",
        "newUrlPath":  "baritotimurkab"
    },
    {
        "name":  "Kab. Barito Selatan \u003e LPSE Kabupaten Barito Selatan",
        "newUrlPath":  "baritoselatankab"
    },
    {
        "name":  "Kab. Barito Kuala \u003e LPSE Kabupaten Barito Kuala",
        "newUrlPath":  "baritokualakab"
    },
    {
        "name":  "Kab. Banyuwangi \u003e LPSE Kabupaten Banyuwangi",
        "newUrlPath":  "banyuwangikab"
    },
    {
        "name":  "Kab. Banyumas \u003e LPSE Kabupaten Banyumas",
        "newUrlPath":  "banyumaskab"
    },
    {
        "name":  "Kab. Banyuasin \u003e LPSE Kabupaten Banyuasin",
        "newUrlPath":  "banyuasinkab"
    },
    {
        "name":  "Kab. Bantul \u003e LPSE Kabupaten Bantul",
        "newUrlPath":  "bantulkab"
    },
    {
        "name":  "Kab. Bantaeng \u003e LPSE Kabupaten Bantaeng",
        "newUrlPath":  "bantaengkab"
    },
    {
        "name":  "Kab. Banjarnegara \u003e LPSE Kabupaten Banjarnegara",
        "newUrlPath":  "banjarnegarakab"
    },
    {
        "name":  "Kab. Banjar \u003e LPSE Kabupaten Banjar",
        "newUrlPath":  "banjarkab"
    },
    {
        "name":  "Kab. Bangli \u003e LPSE Kabupaten Bangli",
        "newUrlPath":  "banglikab"
    },
    {
        "name":  "Kab. Bangkalan \u003e LPSE Kabupaten Bangkalan",
        "newUrlPath":  "bangkalankab"
    },
    {
        "name":  "Kab. Bangka Tengah \u003e LPSE Kabupaten Bangka Tengah",
        "newUrlPath":  "bangkatengahkab"
    },
    {
        "name":  "Kab. Bangka Selatan \u003e LPSE Kabupaten Bangka Selatan",
        "newUrlPath":  "bangkaselatankab"
    },
    {
        "name":  "Kab. Bangka Barat \u003e LPSE Kabupaten Bangka Barat",
        "newUrlPath":  "bangkabaratkab"
    },
    {
        "name":  "Kab. Bangka \u003e LPSE Kabupaten Bangka",
        "newUrlPath":  "bangka"
    },
    {
        "name":  "Kab. Banggai Laut \u003e LPSE Kabupaten Banggai Laut",
        "newUrlPath":  "banggailautkab"
    },
    {
        "name":  "Kab. Banggai Kepulauan \u003e LPSE Kabupaten Banggai Kepulauan",
        "newUrlPath":  "banggaikep"
    },
    {
        "name":  "Kab. Banggai \u003e LPSE Kabupaten Banggai",
        "newUrlPath":  "banggaikab"
    },
    {
        "name":  "Kab. Bandung Barat \u003e LPSE Kabupaten Bandung Barat",
        "newUrlPath":  "bandungbaratkab"
    },
    {
        "name":  "Kab. Bandung \u003e LPSE Kabupaten Bandung",
        "newUrlPath":  "bandungkab"
    },
    {
        "name":  "Kab. Balangan \u003e LPSE Kabupaten Balangan",
        "newUrlPath":  "balangankab"
    },
    {
        "name":  "Kab. Badung \u003e LPSE Kabupaten Badung",
        "newUrlPath":  "badungkab"
    },
    {
        "name":  "Kab. Asmat \u003e LPSE Kabupaten Asmat",
        "newUrlPath":  "asmatkab"
    },
    {
        "name":  "Kab. Asahan \u003e LPSE Kabupaten Asahan",
        "newUrlPath":  "asahankab"
    },
    {
        "name":  "Kab. Alor \u003e LPSE Kabupaten Alor",
        "newUrlPath":  "alorkab"
    },
    {
        "name":  "Kab. Agam \u003e LPSE Kabupaten Agam",
        "newUrlPath":  "agamkab"
    },
    {
        "name":  "Kab. Aceh Utara \u003e LPSE Kabupaten Aceh Utara",
        "newUrlPath":  "acehutara"
    },
    {
        "name":  "Kab. Aceh Timur \u003e LPSE Kabupaten Aceh Timur",
        "newUrlPath":  "acehtimurkab"
    },
    {
        "name":  "Kab. Aceh Tenggara \u003e LPSE Kabupaten Aceh Tenggara",
        "newUrlPath":  "acehtenggarakab"
    },
    {
        "name":  "Kab. Aceh Tengah \u003e LPSE Kabupaten Aceh Tengah",
        "newUrlPath":  "acehtengahkab"
    },
    {
        "name":  "Kab. Aceh Tamiang \u003e LPSE Kabupaten Aceh Tamiang",
        "newUrlPath":  "acehtamiangkab"
    },
    {
        "name":  "Kab. Aceh Singkil \u003e LPSE Kabupaten Aceh Singkil",
        "newUrlPath":  "acehsingkilkab"
    },
    {
        "name":  "Kab. Aceh Selatan \u003e LPSE Kabupaten Aceh Selatan",
        "newUrlPath":  "acehselatankab"
    },
    {
        "name":  "Kab. Aceh Jaya \u003e LPSE Kabupaten Aceh Jaya",
        "newUrlPath":  "acehjayakab"
    },
    {
        "name":  "Kab. Aceh Besar \u003e LPSE Kabupaten Aceh Besar",
        "newUrlPath":  "acehbesarkab"
    },
    {
        "name":  "Kab. Aceh Barat Daya \u003e LPSE Kabupaten Aceh Barat Daya",
        "newUrlPath":  "acehbaratdayakab"
    },
    {
        "name":  "Kab. Aceh Barat \u003e LPSE Kabupaten Aceh Barat",
        "newUrlPath":  "acehbaratkab"
    },
    {
        "name":  "Dewan Perwakilan Rakyat \u003e LPSE Dewan Perwakilan Rakyat Republik Indonesia",
        "newUrlPath":  "dpr"
    },
    {
        "name":  "Dewan Perwakilan Daerah \u003e LPSE Sekretariat Jenderal Dewan Perwakilan Daerah Republik Indonesia",
        "newUrlPath":  "dpd"
    },
    {
        "name":  "Bendahara Umum Negara (Kementerian Keuangan) Total \u003e LPSE Provinsi Papua",
        "newUrlPath":  "papua"
    },
    {
        "name":  "Bendahara Umum Negara (Kementerian Keuangan) Total \u003e LPSE Lembaga Kebijakan Pengadaan Barang/Jasa Pemerintah",
        "newUrlPath":  "lkpp"
    },
    {
        "name":  "Bendahara Umum Negara (Kementerian Keuangan) Total \u003e LPSE Kementerian Keuangan",
        "newUrlPath":  "kemenkeu"
    },
    {
        "name":  "Badan Standardisasi Nasional \u003e LPSE Badan Riset dan Inovasi Nasional",
        "newUrlPath":  "brin"
    },
    {
        "name":  "Badan Siber dan Sandi Negara \u003e LPSE Badan Siber dan Sandi Negara",
        "newUrlPath":  "bssn"
    },
    {
        "name":  "Badan Riset dan Inovasi Nasional \u003e LPSE Badan Riset dan Inovasi Nasional",
        "newUrlPath":  "brin"
    },
    {
        "name":  "Badan Pusat Statistik \u003e LPSE Badan Pusat Statistik",
        "newUrlPath":  "bps"
    },
    {
        "name":  "Kementerian Pelindungan Pekerja Migran Indonesia \u003e LPSE Kementerian Pelindungan Pekerja Migran Indonesia",
        "newUrlPath":  "kp2mi"
    },
    {
        "name":  "Badan Pengusahaan Kawasan Perdagangan Bebas Dan Pelabuhan Bebas Sabang \u003e LPSE Kementerian Keuangan",
        "newUrlPath":  "kemenkeu"
    },
    {
        "name":  "Badan Pengusahaan Kawasan Perdagangan Bebas Dan Pelabuhan Bebas Batam \u003e LPSE Badan Pengusaha Batam",
        "newUrlPath":  "bpbatam"
    },
    {
        "name":  "Badan Pengusahaan Kawasan Perdagangan Bebas Dan Pelabuhan Bebas Batam (984423) \u003e LPSE Badan Pengusaha Batam",
        "newUrlPath":  "bpbatam"
    },
    {
        "name":  "Badan Pengawasan Keuangan Dan Pembangunan \u003e LPSE Badan Pengawasan Keuangan dan Pembangunan (BPKP)",
        "newUrlPath":  "bpkp"
    },
    {
        "name":  "Badan Pengawas Obat Dan Makanan \u003e LPSE Badan Pengawas Obat dan Makanan",
        "newUrlPath":  "pom"
    },
    {
        "name":  "Badan Pemeriksa Keuangan \u003e LPSE Kementerian Keuangan",
        "newUrlPath":  "kemenkeu"
    },
    {
        "name":  "Badan Pembinaan Ideologi Pancasila \u003e SPSE Nasional",
        "newUrlPath":  "nasional"
    },
    {
        "name":  "Badan Nasional Pencarian dan Pertolongan \u003e LPSE Badan Nasional Pencarian dan Pertolongan (BASARNAS)",
        "newUrlPath":  "basarnas"
    },
    {
        "name":  "Badan Nasional Penanggulangan Terorisme \u003e LPSE Badan Nasional Penanggulangan Terorisme",
        "newUrlPath":  "bnpt"
    },
    {
        "name":  "Badan Nasional Penanggulangan Bencana \u003e LPSE Badan Nasional Penanggulangan Bencana",
        "newUrlPath":  "bnpb"
    },
    {
        "name":  "Badan Narkotika Nasional \u003e LPSE Badan Narkotika Nasional",
        "newUrlPath":  "bnn"
    },
    {
        "name":  "Badan Meteorologi, Klimatologi Dan Geofisika \u003e LPSE Badan Meteorologi, Klimatologi dan Geofisika",
        "newUrlPath":  "bmkg"
    },
    {
        "name":  "Badan Kependudukan Dan Keluarga Berencana Nasional \u003e LPSE Kementerian Kependudukan dan Pembangunan Keluarga",
        "newUrlPath":  "kemendukbangga"
    },
    {
        "name":  "Badan Kepegawaian Negara \u003e LPSE Badan Kepegawaian Negara",
        "newUrlPath":  "bkn"
    },
    {
        "name":  "Badan Keamanan Laut \u003e LPSE Badan Keamanan Laut",
        "newUrlPath":  "bakamla"
    },
    {
        "name":  "Badan Informasi Geospasial \u003e LPSE Badan Informasi Geospasial",
        "newUrlPath":  "big"
    },
    {
        "name":  "Arsip Nasional Republik Indonesia \u003e LPSE Kementerian Keuangan",
        "newUrlPath":  "kemenkeu"
    },
    {
        "name":  "Aceh \u003e LPSE Provinsi Aceh",
        "newUrlPath":  "acehprov"
    },
    {
        "name":  "Kota Kotamobagu \u003e LPSE Kota Kotamobagu",
        "newUrlPath":  "kotamobagu"
    },
    {
        "name":  "Badan Pangan Nasional \u003e LPSE Badan Pangan Nasional",
        "newUrlPath":  "badanpangan"
    },
    {
        "name":  "Dewan Pertahanan Nasional \u003e LPSE Dewan Pertahanan Nasional",
        "newUrlPath":  "wantannas"
    },
    {
        "name":  "Kementerian Koordinator Bidang Politik, Hukum, dan Keamanan \u003e LPSE Kementerian Koordinator Bidang Politik, Hukum, dan Keamanan",
        "newUrlPath":  "polkam"
    },
    {
        "name":  "Kabupaten Paniai \u003e LPSE Kabupaten Paniai",
        "newUrlPath":  "paniaikab"
    },
    {
        "name":  "Kabupaten Nduga \u003e LPSE Kabupaten Nduga",
        "newUrlPath":  "ndugakab"
    },
    {
        "name":  "Badan Karantina Indonesia \u003e LPSE Badan Karantina Indonesia",
        "newUrlPath":  "karantinaindonesia"
    },
    {
        "name":  "Badan Nasional Pengelola Perbatasan \u003e LPSE Badan Nasional Pengelola Perbatasan",
        "newUrlPath":  "bnpp"
    },
    {
        "name":  "Badan Intelijen Negara \u003e LPSE Badan Intelijen Negara",
        "newUrlPath":  "bin"
    },
    {
        "name":  "Kementerian Imigrasi dan Pemasyarakatan \u003e SPSE Nasional",
        "newUrlPath":  "nasional"
    },
    {
        "name":  "Kabupaten Waropen \u003e SPSE Nasional",
        "newUrlPath":  "nasional"
    },
    {
        "name":  "Kementerian Koordinator Bidang Hukum, Hak Asasi Manusia, Imigrasi, dan Pemasyara \u003e SPSE Nasional",
        "newUrlPath":  "nasional"
    },
    {
        "name":  "Kementerian Koperasi \u003e SPSE Nasional",
        "newUrlPath":  "nasional"
    },
    {
        "name":  "Kementerian Usaha Mikro, Kecil dan Menengah \u003e SPSE Nasional",
        "newUrlPath":  "nasional"
    },
    {
        "name":  "Badan Penyelenggara Jaminan Produk Halal \u003e SPSE Nasional",
        "newUrlPath":  "nasional"
    },
    {
        "name":  "Kementerian Pendidikan Tinggi, Sains, dan Teknologi \u003e SPSE Nasional",
        "newUrlPath":  "nasional"
    },
    {
        "name":  "Kementerian Perumahan dan Kawasan Permukiman \u003e SPSE Nasional",
        "newUrlPath":  "nasional"
    },
    {
        "name":  "Kementerian Lingkungan Hidup/Badan Pengendalian Lingkungan Hidup \u003e SPSE Nasional",
        "newUrlPath":  "nasional"
    },
    {
        "name":  "Kementerian Kebudayaan \u003e SPSE Nasional",
        "newUrlPath":  "nasional"
    },
    {
        "name":  "Kementerian Ekonomi Kreatif/Badan Ekonomi Kreatif \u003e SPSE Nasional",
        "newUrlPath":  "nasional"
    },
    {
        "name":  "Kementerian Transmigrasi \u003e SPSE Nasional",
        "newUrlPath":  "nasional"
    },
    {
        "name":  "Pemerintah Kabupaten Yalimo \u003e SPSE Nasional",
        "newUrlPath":  "nasional"
    },
    {
        "name":  "Kementerian Imigrasi dan Pemasyarakatan \u003e SPSE Nasional",
        "newUrlPath":  "nasional"
    },
    {
        "name":  "Badan Gizi Nasional \u003e SPSE Nasional",
        "newUrlPath":  "nasional"
    },
    {
        "name":  "Kementerian Koordinator Bidang Pemberdayaan Masyarakat \u003e SPSE Nasional",
        "newUrlPath":  "nasional"
    },
    {
        "name":  "Kementerian Koordinator Bidang Pangan RI \u003e SPSE Nasional",
        "newUrlPath":  "nasional"
    },
    {
        "name":  "Pemerintah Provinsi Papua Barat Daya \u003e SPSE Nasional",
        "newUrlPath":  "nasional"
    },
    {
        "name":  "Kementerian Pendidikan, Kebudayaan, Riset, dan Teknologi \u003e SPSE Nasional",
        "newUrlPath":  "nasional"
    },
    {
        "name":  "Universitas Andalas \u003e Universitas Andalas",
        "newUrlPath":  "unand"
    }
]
