name
andorra|principality of andorra|principality of the valleys of andorra
united arab emirates|emirates
islamic republic of afghanistan|afghanistan
antigua and barbuda
malliouhana|anguilla
shqiperise|republic of albania|albania
armenia|hayastani hanrapetut'yun|hayastan|republic of armenia
republic of angola|angola
antarctica
argentine republic|argentina|republica argentina|republic of argentina
american samoa|eastern samoa
osterreich|austria|republic of austria
nova hollandia|new holland|australia|aussieland
aruba
aland|aland islands|ahvenanmaa
republic of azerbaijan|azarbaycan|azerbaijan
bosnia|bosnia-herzegovina|bosnia and herzegovina|bosnia and hercegovina|republic of bosnia and herzegovina
barbados|bimshire
people's republic of bangladesh|bangladesh|bangla
belgie|kingdom of belgium|belgium|belgique
burkina faso|upper volta
republic of bulgaria|bulgaria
bahrain|mamlakat al-bahrayn|kingdom of bahrain|dawlat al-bahrain
burundi|uburundi|republic of burundi
benin|dahomey|republic of benin
st. barth|st. barthelemy|st. barts|st. barths|saint barthelemy
virgineola|bermuda
brunei darussalam|brunei|nation of brunei, the abode of peace
plurinational state of bolivia|bolivia
bonaire, saint eustatius and saba|bonaire, sint eustatius and saba|caribbean netherlands|dutch antilles|netherlands antilles|bonaire|carribean netherlands
brazil|federative republic of brazil|brasil
bahamas|bahama islands|commonwealth of the bahamas|the bahamas
druk yul|bhutan|kingdom of bhutan
bouvet island
botswana|republic of botswana
bielorussia|white russia|republic of belarus|byeloruss|byelorussia|belarus|bielarus|belorussia
belize|british honduras
canada
territory of the cocos (keeling) islands|cocos (keeling) islands|keeling islands|cocos islands
congo-kinshasa|congo|congo (kinshasa)|dr congo|drc|zaire|democratic republic of the congo
central african republic|central africa
congo|congo (brazzaville)|republic of the congo|congo republic|congo-brazzaville
svizzera|svizra|swiss|swiss confederation|suisse|switzerland|schweiz
cote-d'ivoire|ivory coast|cote d'ivoire|cote d'lvoire|republic of cote d'ivoire
cook islands|hervey islands|cook group
republic of chile|chile
republic of cameroon|cameroon
china|zhongguo|people's republic of china
republic of colombia|colombia
costa rica|republic of costa rica
cuba|republic of cuba
republic of cabo verde|cabo verde|cape verde
curacau|curasao|curacoa|curazao|curacao|korsou|curocao
christmas island
greek cypriot state|cyprus|republic of cyprus
czechia|czech republic
federal republic of germany|germany|deutschland
jibuti|jabuuti|gabuuti|djibouti|republic of djibouti
kingdom of denmark|denmark|danmark
commonwealth of dominica|dominica|wai'tu kubuli
dominicana|dominican republic
people's democratic republic of algeria|algeria
republic of ecuador|ecuador
republic of estonia|eesti vabariik|estonia|estland
egypt|misr|arab republic of egypt
western sahara
eritrea|iritriya|the state of eritrea|ertra
hispania|spain|kingdom of spain
federal democratic republic of ethiopia|ethiopia|abyssinia
republic of finland|land of a thousand lakes|suomen tasavalta|finland|suomi|finnia
republic of fiji|fiji ganarajya|fiji|matanitu tugalala o viti
malvinas islands|falklands|falkland islands|falkland islands (malvinas)|islas malvinas
federated states of micronesia|micronesia
faroe islands|sheep islands|faer oer|faroes
french republic|france
gabonaise|gabonese republic|gabon
england|scotland|wales|great britain|uk|northern ireland|britain|united kingdom|united kingdom of great britain and northern ireland
grenada
georgia|georgia (country)
guyane|french guiana
guernsey|bailiwick of guernsey
ghana|republic of ghana
gibraltar
kalaallit nunaat|greenland|groenland|greenlandia
gambia|republic of the gambia|the gambia
guinea-conakry|guinea|republic of guinea
guadeloupe|gwada|gwadloup|karukera
republic of equatorial guinea|equatorial guinea
hellas|ellada|greece|hellenic republic
south georgia and the south sandwich islands
guatemala|republic of guatemala
guahan|guam
republic of guinea-bissau|guinea-bissau
republic of guyana|british guiana|guyana
hksar|hong kong special administrative region of china|hong kong
heard island and mcdonald islands
honduras|republic of honduras
republic of croatia|croatia
ayiti|haiti|republic of haiti
magyarorszag|hungary
republic of indonesia|east indies|indonesia
ireland|hibernia|eire
israel|state of israel
mann|the isle of man|i. m.|manx|i. man|isle of mann|isle of man|i. mann|i. mannin
republic of india|bharat ganarajya|bharata|india|bharat|hindoostan|hindustan|indostan|bharatvarsh
british indian ocean territory
iraq|republic of iraq|mesopotamia
islamic republic of iran|iran|persia
iceland|island|ysland|republic of iceland
italy|italian republic|italia
iersey|jerri|jersey
jamaica
hashemite kingdom of jordan|yarden|jordan|giordania
land of the rising sun|japan|nippon-koku|nippon|nihon|nihon-koku
kenya|republic of kenya
kyrgyz|kyrgyzstan|kirghizia|kyrgyz republic
kambodzha|camboya|campuchia|kingdom of cambodia|kamboja|cambodia|kampuchea
kiribati|republic of kiribati
waku-moria|comoros|juzur al-qamar|juzur al-qumur|udzima wa komori|union of the comoros|al-ittihad al-qumuri
saint christopher and nevis|kitts & nevis|saint kitts and nevis
north korea|choson|dprk|democratic people's republic of korea|joseon
south korea|choson|daehanminguk|hanguk|daehan minguk|republic of korea
kuwait|state of kuwait
cayman islands|caymans
qazaqstan|kazakhstan|republic of kazakhstan
laos|lao people's democratic republic|lpdr
lebanese republic|lebanon|lubnan
saint lucia|iyonola|hewanorra
principality of liechtenstein|liechtenstein
ceylon|serendib|democratic socialist republic of sri lanka|sri lanka
liberia|republic of liberia
kingdom of lesotho|the mountain kingdom|lesotho
republic of lithuania|lietuva|lithuania
luxemburg|grand duchy of luxembourg|luxembourg
latveja|letmo|republic of latvia|latvija|letmo vabamo|latvia
libyan arab jamahiriya|libya
lmagrib|maroc|morocco|kingdom of morocco|marocco|al-magrib
munegu|principality of monaco|monaco
moldavia|republic of moldova|moldova
crna gora|montenegro
st. martin (french part)|collectivity of saint martin|st. martin|saint-martin|st martin|collectivite de saint-martin|saint martin (france)|saint martin (french part)|saint martin
republic of madagascar|malagascar|malagaskar|madagascar|malagasy republic
marshall islands|republic of the marshall islands
macedonia|republic of north macedonia|north macedonia
french sudan|mali|republic of mali
republic of myanmar|myanmar|burma
outer mongolia|mongolia|mongol state
macao sar|aomen|macao|macau sar|macau|macao special administrative region of china
northern mariana islands|commonwealth of the northern mariana islands|northern marianas
iguanacaera|jouanacaera|iounacaera|maritiniki|madinina|martinica|martinique|madiana|matinino
murutaane|muritanya|agawej|islamic republic of mauritania|mauritania|gannaar|mauretania|moritani
montserrat
republic of malta|malta
mauritius|moris|maurice|republic of mauritius
maldives|maldive islands|republic of maldives
malawi|republic of malawi|nyasaland
mexico|estados unidos mexicanos|united mexican states
malaysia
mocambique|mozambique|republic of mozambique
south west africa|namibia|republic of namibia
nouvelle-caledonie|new caledonia|kanaky
republic of the niger|niger
norfolk island
naija|federal republic of nigeria|nigeria
republic of nicaragua|nicaragua
the netherlands|nederlanden|kingdom of the netherlands|holland|netherlands
norge|kingdom of norway|norway
nepal|federal democratic republic of nepal
pleasant island|naoero|nauru|republic of nauru
niue
new zealand|aotearoa|zealandia nova|new zeeland
sultanate of oman|uman|muscat and oman|oman
canal zone|panama|republic of panama
republic of peru|peru
french polynesia|french oceania
papua new guinea|independent state of papua new guinea
republic of the philippines|philippine islands|philippines
pakistan|islamic republic of pakistan
polska|republic of poland|poland
saint pierre and miquelon
pitcairn|pitcairn islands
boriken|borinquen|puerto rico|boriquen|porto rico
palestine|the state of palestine|palestinian territory
portugal|lusitania|portuguese republic
republic of palau|belau|palau|pelew
paraguay|republic of paraguay
qatar|state of qatar
reunion|reunion island|bourbon island
rumania|roumania|romania
yugoslavia|republic of serbia|srbija|serbia
rossiyskaya federatsiya|russian federation|ussr|soviet union|russia
rwandese republic|rwanda|the land of a thousand hills
kingdom of saudi arabia|saudi arabia
solomon islands
seychelles|republic of seychelles
sudan|republic of the sudan|al-sudan|as-sudan
sweden|kingdom of sweden|sverige
singapore|lion city|republic of singapore|garden city
saint helena|saint helena, ascension and tristan da cunha
slovenija|slovenia|republic of slovenia
svalbard and jan mayen
slovak republic|slovensko|slovakia
republic of sierra leone|sierra leone
san marino|republic of san marino
senegal|republic of senegal
federal republic of somalia|somalia|somali republic
republic of suriname|dutch guiana|suriname|surrinam|surinam
south sudan|republic of south sudan
sao tome and principe|democratic republic of sao tome and principe
salvador|republic of el salvador|el salvador
sint martin|dutch sint maarten|sint maarten (dutch part)|land sint maarten|country of sint maarten|saint martin (dutch part)|saint martin|sint maarten
syrian arab republic|surya|syria
umbuso weswatini|swaziland|eswatini|kingdom of eswatini
turks and caicos|turks and caicos islands
chad|republic of chad
french southern and antarctic lands|french southern territories
togo|togolese republic
thailand|kingdom of thailand|land of smiles|siam
tajikistan|republic of tajikistan
tokelau|union islands
democratic republic of timor-leste|east timor|timor-leste|timor leste
turkmenistan|turkmenia
tunisia|republic of tunisia
tonga islands|friendly islands|kingdom of tonga|tonga
turkiye|republic of turkiye|turkey
trinidad and tobago|republic of trinidad and tobago
ellice islands|tuvalu
tai-oan|republic of china|formosa|roc|chinese taipei|taiwan|tai-uan
tanzania|united republic of tanzania|tanganyika and zanzibar
ukraine|ukrainia|ukraina
pearl of africa|republic of uganda|ouganda|uganda
united states minor outlying islands|usmoi
united states of america|united states|america
eastern republic of uruguay|banda oriental|uruguay
uzbekistan|republic of uzbekistan
vatican|vatican city|papal state|holy see|vatican city state|the vatican
saint vincent and the grenadines
bolivarian republic of venezuela|venezuela
british virgin islands
united states virgin islands|usvi|american virgin islands|virgin islands of the united states|u.s. virgin islands|us virgin islands
vietnam|socialist republic of viet nam|viet nam
new hebrides|vanuatu|republic of vanuatu
wallis and futuna
samoa|independent state of samoa|western samoa
yemen|republic of yemen|south arabia
mayotte
republic of south africa|south africa|mzansi
zambia|northern rhodesia|republic of zambia
southern rhodesia|republic of zimbabwe|zimbabwe
