{
  "state_overrides": [
    {
      "iso2": "DE",
      "raw": "North Rhine-Westphalia",
      "correct": "Nordrhein-Westfalen"
    },
    {
      "iso2": "DE",
      "raw": "Bavaria",
      "correct": "Bayern"
    },
    {
      "iso2": "DE",
      "raw": "Rhineland-Palatinate",
      "correct": "Rheinland-Pfalz"
    },
    {
      "iso2": "DE",
      "raw": "Lower Saxony",
      "correct": "Niedersachsen"
    }

  ],
  
  "cities": [
    {
      "iso2": "DE",
      "state": "North Rhine-Westphalia",
      "city": "Coesfeld",
      "aliases": ["Koesfeld"],
      "regions": ["Münsterland"]
    },
    {
      "iso2": "DE",
      "state": "North Rhine-Westphalia",
      "city": "Lüdinghausen",
      "aliases": ["Lunghusen", "Drei Burgen Stadt", "Lünkhusen", "Lünksel", "Tüllinghoff", "Ludinchusen", "Seppenrade", "Trahe"],
      "regions": ["Münsterland"]
    },
    {
      "iso2": "DE",
      "state": "North Rhine-Westphalia",
      "city": "Münster",
      "aliases": ["Munster"],
      "regions": ["Münsterland"]
    },
    {
      "iso2": "DE",
      "state": "North Rhine-Westphalia",
      "city": "Dülmen",
      "aliases": ["Duelmen"],
      "regions": ["Münsterland"]
    },
    {
      "iso2": "DE",
      "state": "North Rhine-Westphalia",
      "city": "Warendorf",
      "aliases": [],
      "regions": ["Münsterland"]
    },

    {
      "iso2": "DE",
      "state": "North Rhine-Westphalia",
      "city": "Dortmund",
      "aliases": [],
      "regions": ["Ruhrgebiet"]
    },
    {
      "iso2": "DE",
      "state": "North Rhine-Westphalia",
      "city": "Essen",
      "aliases": [],
      "regions": ["Ruhrgebiet"]
    },
    {
      "iso2": "DE",
      "state": "North Rhine-Westphalia",
      "city": "Bochum",
      "aliases": [],
      "regions": ["Ruhrgebiet"]
    },
    {
      "iso2": "DE",
      "state": "North Rhine-Westphalia",
      "city": "Duisburg",
      "aliases": [],
      "regions": ["Ruhrgebiet"]
    },

    {
      "iso2": "DE",
      "state": "North Rhine-Westphalia",
      "city": "Köln",
      "aliases": ["Cologne", "Koeln"],
      "regions": ["Rheinland"]
    },
    {
      "iso2": "DE",
      "state": "North Rhine-Westphalia",
      "city": "Bonn",
      "aliases": [],
      "regions": ["Rheinland"]
    },
    {
      "iso2": "DE",
      "state": "North Rhine-Westphalia",
      "city": "Düsseldorf",
      "aliases": ["Duesseldorf"],
      "regions": ["Rheinland"]
    },

    {
      "iso2": "DE",
      "state": "Berlin",
      "city": "Berlin",
      "aliases": [],
      "regions": ["Berlin/Brandenburg"]
    },

    {
      "iso2": "DE",
      "state": "Bavaria",
      "city": "Munich",
      "aliases": ["Münger"],
      "regions": ["Oberbayern"]
    },
    {
      "iso2": "DE",
      "state": "Bavaria",
      "city": "Nürnberg",
      "aliases": ["Nuernberg", "Nuremberg"],
      "regions": ["Mittelfranken"]
    },

    {
      "iso2": "DE",
      "state": "Hamburg",
      "city": "Hamburg",
      "aliases": [],
      "regions": ["Metropolregion Hamburg"]
    },

    {
      "iso2": "CH",
      "state": "Zürich",
      "city": "Zürich",
      "aliases": ["Zurich", "Zuerich"],
      "regions": ["Greater Zurich Area"]
    },
    {
      "iso2": "CH",
      "state": "Zürich",
      "city": "Winterthur",
      "aliases": [],
      "regions": ["Greater Zurich Area"]
    },

    {
      "iso2": "CH",
      "state": "Bern",
      "city": "Bern",
      "aliases": ["Berne"],
      "regions": ["Bern-Mittelland"]
    },

    {
      "iso2": "CH",
      "state": "Basel-Stadt",
      "city": "Basel",
      "aliases": ["Bâle"],
      "regions": ["Nordwestschweiz"]
    },

    {
      "iso2": "CH",
      "state": "Geneva",
      "city": "Geneva",
      "aliases": ["Geneva", "Genf"],
      "regions": ["Lac Léman / Lake Geneva"]
    },
    {
      "iso2": "CH",
      "state": "Vaud",
      "city": "Lausanne",
      "aliases": [],
      "regions": ["Lac Léman / Lake Geneva"]
    },

    {
      "iso2": "CH",
      "state": "Ticino",
      "city": "Lugano",
      "aliases": [],
      "regions": ["Sottoceneri", "Svizzera italiana"]
    }
  ]
}